Date,Inflation Breakeven 5Y,Inflation Breakeven 10Y,Inflation 5Y5Y Forward,US Treasury 3M Yield,US Treasury 2Y Yield,US Treasury 5Y Yield,US Treasury 10Y Yield,US Treasury 30Y Yield,VIX,Federal Funds Rate,Secured Overnight Rate,TED Spread (legacy),USD Trade Weighted Broad,ICE BofA US HY Index OAS
2019-05-24,1.62,1.76,1.9,2.35,2.16,2.12,2.32,2.75,15.85,2.38,2.37,0.22,116.0806,
2019-05-27,1.62,1.76,1.9,2.35,2.16,2.12,2.32,2.75,15.85,2.38,2.37,0.22,116.0806,
2019-05-28,1.58,1.73,1.88,2.37,2.12,2.06,2.26,2.7,17.5,2.39,2.41,0.2,116.3174,
2019-05-29,1.59,1.75,1.91,2.37,2.09,2.05,2.25,2.69,17.9,2.39,2.4,0.2,116.5535,
2019-05-30,1.59,1.74,1.89,2.38,2.06,2.03,2.22,2.65,17.3,2.39,2.4,0.19,116.3989,
2019-05-31,1.58,1.74,1.9,2.35,1.95,1.93,2.14,2.58,18.71,2.4,2.49,0.2,116.7273,
2019-06-03,1.56,1.73,1.9,2.35,1.82,1.83,2.07,2.53,18.86,2.38,2.4,0.18,116.4764,
2019-06-04,1.59,1.74,1.89,2.35,1.88,1.89,2.12,2.6,16.97,2.38,2.39,0.17,116.091,
2019-06-05,1.59,1.75,1.91,2.35,1.83,1.86,2.12,2.63,16.09,2.38,2.4,0.17,116.03,
2019-06-06,1.58,1.73,1.88,2.33,1.88,1.88,2.12,2.62,15.93,2.37,2.4,0.17,115.9771,
2019-06-07,1.61,1.74,1.87,2.28,1.85,1.85,2.09,2.57,16.3,2.37,2.39,0.22,115.7368,
2019-06-10,1.6,1.73,1.86,2.29,1.9,1.91,2.15,2.62,15.94,2.37,2.39,0.2,115.5001,
2019-06-11,1.57,1.72,1.87,2.27,1.93,1.92,2.15,2.62,15.99,2.37,2.38,0.23,115.3794,
2019-06-12,1.53,1.71,1.89,2.24,1.88,1.88,2.13,2.62,15.91,2.37,2.37,0.24,115.438,
2019-06-13,1.51,1.68,1.85,2.19,1.83,1.84,2.1,2.61,15.82,2.37,2.35,0.27,115.6275,
2019-06-14,1.48,1.63,1.78,2.2,1.84,1.85,2.09,2.59,15.28,2.36,2.35,0.25,115.9057,
2019-06-17,1.45,1.61,1.77,2.23,1.86,1.85,2.09,2.58,15.35,2.38,2.41,0.24,115.9684,
2019-06-18,1.49,1.64,1.79,2.22,1.86,1.83,2.06,2.55,15.15,2.37,2.39,0.22,115.8797,
2019-06-19,1.53,1.67,1.81,2.18,1.74,1.77,2.03,2.54,14.33,2.37,2.36,0.26,115.7889,
2019-06-20,1.58,1.74,1.9,2.14,1.72,1.74,2.01,2.53,14.75,2.37,2.36,0.25,114.8046,
2019-06-21,1.6,1.73,1.86,2.11,1.77,1.8,2.07,2.59,15.4,2.38,2.37,0.28,114.8377,
2019-06-24,1.57,1.71,1.85,2.13,1.72,1.75,2.02,2.55,15.26,2.38,2.39,0.25,114.6559,
2019-06-25,1.52,1.67,1.82,2.12,1.71,1.73,2.0,2.53,16.28,2.38,2.41,0.24,114.6363,
2019-06-26,1.56,1.7,1.84,2.15,1.77,1.8,2.05,2.57,16.21,2.38,2.43,0.23,114.5608,
2019-06-27,1.53,1.68,1.83,2.14,1.74,1.76,2.01,2.52,15.82,2.38,2.42,0.23,114.665,
2019-06-28,1.53,1.69,1.85,2.12,1.75,1.76,2.0,2.52,15.08,2.4,2.5,0.24,114.5821,
2019-07-01,1.53,1.69,1.85,2.21,1.78,1.79,2.03,2.55,14.06,2.39,2.42,0.17,114.7239,
2019-07-02,1.5,1.65,1.8,2.2,1.77,1.75,1.98,2.51,12.93,2.4,2.51,0.16,114.8258,
2019-07-03,1.51,1.65,1.79,2.21,1.77,1.74,1.96,2.47,12.57,2.41,2.56,0.13,114.8135,
2019-07-04,1.51,1.65,1.79,2.21,1.77,1.74,1.96,2.47,12.57,2.41,2.56,0.13,114.8135,
2019-07-05,1.55,1.69,1.83,2.23,1.87,1.84,2.04,2.54,13.28,2.42,2.59,0.13,115.1132,
2019-07-08,1.55,1.7,1.85,2.26,1.88,1.86,2.05,2.53,13.96,2.41,2.48,0.13,115.0254,
2019-07-09,1.56,1.71,1.86,2.26,1.92,1.88,2.07,2.54,14.09,2.41,2.45,0.13,115.1017,
2019-07-10,1.59,1.74,1.89,2.2,1.82,1.82,2.07,2.57,13.03,2.41,2.46,0.19,115.0879,
2019-07-11,1.63,1.77,1.91,2.17,1.85,1.88,2.13,2.65,12.93,2.4,2.41,0.18,114.8361,
2019-07-12,1.62,1.77,1.92,2.14,1.84,1.86,2.12,2.64,12.39,2.38,2.36,0.22,114.7685,
2019-07-15,1.61,1.77,1.93,2.16,1.83,1.84,2.09,2.61,12.68,2.4,2.46,0.19,114.6819,
2019-07-16,1.63,1.8,1.97,2.15,1.87,1.88,2.13,2.63,12.86,2.41,2.47,0.2,115.0111,
2019-07-17,1.6,1.75,1.9,2.14,1.83,1.83,2.06,2.57,13.97,2.41,2.47,0.21,114.8819,
2019-07-18,1.6,1.79,1.98,2.05,1.77,1.78,2.04,2.56,13.53,2.41,2.46,0.27,114.8744,
2019-07-19,1.6,1.8,2.0,2.06,1.8,1.8,2.05,2.57,14.45,2.41,2.41,0.24,114.8695,
2019-07-22,1.59,1.79,1.99,2.09,1.8,1.8,2.05,2.58,13.53,2.4,2.4,0.24,115.0018,
2019-07-23,1.61,1.81,2.01,2.06,1.83,1.83,2.08,2.61,12.61,2.4,2.4,0.26,115.2995,
2019-07-24,1.59,1.79,1.99,2.1,1.83,1.82,2.05,2.58,12.07,2.4,2.41,0.22,115.2436,
2019-07-25,1.6,1.8,2.0,2.1,1.86,1.85,2.08,2.6,12.74,2.4,2.42,0.2,115.2982,
2019-07-26,1.57,1.78,1.99,2.12,1.86,1.85,2.08,2.59,12.16,2.4,2.41,0.19,115.5449,
2019-07-29,1.57,1.77,1.97,2.12,1.85,1.84,2.06,2.59,12.83,2.4,2.4,0.19,115.5885,
2019-07-30,1.58,1.78,1.98,2.08,1.85,1.84,2.06,2.58,13.94,2.39,2.39,0.21,115.6211,
2019-07-31,1.56,1.76,1.96,2.08,1.89,1.84,2.02,2.53,16.12,2.4,2.55,0.23,115.4946,
2019-08-01,1.47,1.7,1.93,2.07,1.73,1.68,1.9,2.44,17.87,2.14,2.19,0.26,116.0499,
2019-08-02,1.45,1.66,1.87,2.06,1.72,1.66,1.86,2.39,17.61,2.14,2.19,0.22,116.1864,
2019-08-05,1.39,1.6,1.81,2.05,1.59,1.55,1.75,2.3,24.59,2.13,2.13,0.21,116.5851,
2019-08-06,1.4,1.62,1.84,2.05,1.6,1.53,1.73,2.25,20.17,2.13,2.11,0.18,116.6904,
2019-08-07,1.38,1.62,1.86,2.02,1.59,1.52,1.71,2.22,19.49,2.12,2.1,0.2,116.7987,
2019-08-08,1.43,1.65,1.87,2.02,1.62,1.54,1.72,2.25,16.91,2.12,2.09,0.2,116.474,
2019-08-09,1.44,1.66,1.88,2.0,1.63,1.57,1.74,2.26,17.97,2.12,2.11,0.22,116.4419,
2019-08-12,1.39,1.61,1.83,2.0,1.58,1.49,1.65,2.14,21.09,2.12,2.12,0.22,116.7548,
2019-08-13,1.44,1.63,1.82,2.0,1.66,1.57,1.68,2.15,17.52,2.12,2.16,0.2,116.7267,
2019-08-14,1.36,1.57,1.78,1.96,1.58,1.51,1.59,2.03,22.1,2.12,2.13,0.25,117.0913,
2019-08-15,1.34,1.54,1.74,1.91,1.48,1.42,1.52,1.98,21.18,2.13,2.18,0.25,117.2239,
2019-08-16,1.34,1.54,1.74,1.87,1.48,1.42,1.55,2.01,18.47,2.13,2.13,0.31,117.0786,
2019-08-19,1.36,1.56,1.76,1.94,1.53,1.47,1.6,2.08,16.88,2.13,2.11,0.25,117.3886,
2019-08-20,1.34,1.53,1.72,1.94,1.5,1.42,1.55,2.04,17.5,2.13,2.13,0.25,117.3726,
2019-08-21,1.34,1.54,1.74,1.97,1.56,1.47,1.59,2.07,15.8,2.12,2.1,0.22,117.1764,
2019-08-22,1.35,1.55,1.75,2.0,1.61,1.5,1.62,2.11,16.68,2.12,2.09,0.17,117.3558,
2019-08-23,1.35,1.54,1.73,1.97,1.51,1.4,1.52,2.02,19.87,2.12,2.1,0.21,117.3009,
2019-08-26,1.34,1.54,1.74,2.01,1.54,1.43,1.54,2.04,19.32,2.12,2.1,0.21,117.6658,
2019-08-27,1.36,1.55,1.74,1.98,1.53,1.4,1.49,1.97,20.31,2.12,2.15,0.18,117.75,
2019-08-28,1.36,1.55,1.74,1.99,1.5,1.37,1.47,1.94,19.35,2.12,2.12,0.17,117.8767,
2019-08-29,1.39,1.59,1.79,1.99,1.53,1.4,1.5,1.97,17.88,2.12,2.12,0.18,118.0625,
2019-08-30,1.35,1.55,1.75,1.99,1.5,1.39,1.5,1.96,18.98,2.13,2.16,0.19,118.1575,
2019-09-02,1.35,1.55,1.75,1.99,1.5,1.39,1.5,1.96,18.98,2.13,2.16,0.19,118.1575,
2019-09-03,1.29,1.5,1.71,1.98,1.47,1.35,1.47,1.95,19.66,2.13,2.17,0.19,118.3113,
2019-09-04,1.31,1.51,1.71,1.97,1.43,1.32,1.47,1.97,17.33,2.13,2.21,0.18,117.6729,
2019-09-05,1.35,1.56,1.77,1.97,1.55,1.43,1.57,2.06,16.27,2.13,2.21,0.17,117.4776,
2019-09-06,1.35,1.54,1.73,1.96,1.53,1.42,1.55,2.02,15.0,2.12,2.15,0.21,117.1292,
2019-09-09,1.38,1.57,1.76,1.96,1.58,1.49,1.63,2.11,15.27,2.13,2.12,0.22,117.0601,
2019-09-10,1.4,1.6,1.8,1.95,1.67,1.58,1.72,2.19,15.2,2.13,2.14,0.22,117.0887,
2019-09-11,1.4,1.6,1.8,1.96,1.68,1.6,1.75,2.22,14.61,2.13,2.15,0.21,117.3125,
2019-09-12,1.43,1.63,1.83,1.95,1.72,1.65,1.79,2.22,14.22,2.13,2.2,0.21,116.8375,
2019-09-13,1.46,1.67,1.88,1.96,1.79,1.75,1.9,2.37,13.74,2.14,2.2,0.22,116.7677,
2019-09-16,1.48,1.67,1.86,1.99,1.74,1.69,1.84,2.31,14.67,2.25,2.43,0.2,117.0251,
2019-09-17,1.46,1.66,1.86,1.99,1.72,1.66,1.81,2.27,14.44,2.3,5.25,0.21,116.9826,
2019-09-18,1.4,1.59,1.78,1.95,1.77,1.68,1.8,2.25,13.95,2.25,2.55,0.25,116.9766,
2019-09-19,1.41,1.61,1.81,1.93,1.74,1.66,1.79,2.22,14.05,1.9,1.95,0.27,117.0861,
2019-09-20,1.42,1.61,1.8,1.91,1.69,1.61,1.74,2.17,15.32,1.9,1.86,0.26,117.1819,
2019-09-23,1.42,1.61,1.8,1.94,1.68,1.59,1.72,2.16,14.91,1.9,1.85,0.21,117.2986,
2019-09-24,1.39,1.58,1.77,1.92,1.6,1.52,1.64,2.09,17.05,1.9,1.96,0.23,117.2227,
2019-09-25,1.41,1.6,1.79,1.89,1.68,1.6,1.73,2.18,15.96,1.9,2.01,0.25,117.6527,
2019-09-26,1.4,1.57,1.74,1.83,1.66,1.59,1.7,2.15,16.07,1.85,1.85,0.31,117.7267,
2019-09-27,1.36,1.53,1.7,1.8,1.63,1.56,1.69,2.13,17.22,1.83,1.82,0.34,117.7218,
2019-09-30,1.35,1.53,1.71,1.88,1.63,1.55,1.68,2.12,16.24,1.9,2.35,0.25,117.9461,
2019-10-01,1.33,1.52,1.71,1.82,1.56,1.51,1.65,2.11,18.56,1.88,1.88,0.31,117.9595,
2019-10-02,1.29,1.5,1.71,1.79,1.48,1.43,1.6,2.09,20.56,1.85,1.85,0.31,117.9671,
2019-10-03,1.25,1.48,1.71,1.7,1.39,1.34,1.54,2.04,19.12,1.83,1.84,0.37,117.6608,
2019-10-04,1.27,1.5,1.73,1.71,1.4,1.34,1.52,2.01,17.04,1.82,1.82,0.35,117.5288,
2019-10-07,1.27,1.51,1.75,1.75,1.46,1.38,1.56,2.05,17.86,1.82,1.83,0.3,117.5533,
2019-10-08,1.25,1.48,1.71,1.72,1.42,1.36,1.54,2.04,20.28,1.82,1.85,0.33,117.7407,
2019-10-09,1.24,1.49,1.74,1.69,1.47,1.4,1.59,2.08,18.64,1.82,1.85,0.32,117.6835,
2019-10-10,1.29,1.52,1.75,1.68,1.53,1.48,1.67,2.16,17.57,1.82,1.85,0.34,117.2801,
2019-10-11,1.34,1.56,1.78,1.68,1.63,1.59,1.76,2.22,15.58,1.82,1.85,0.35,116.8239,
2019-10-14,1.34,1.56,1.78,1.68,1.63,1.59,1.76,2.22,14.57,1.82,1.85,0.35,116.8239,
2019-10-15,1.33,1.56,1.79,1.67,1.61,1.59,1.77,2.23,13.54,1.9,2.0,0.36,116.8111,
2019-10-16,1.35,1.57,1.79,1.66,1.58,1.57,1.75,2.23,13.68,1.9,2.05,0.37,116.6425,
2019-10-17,1.52,1.59,1.66,1.66,1.6,1.57,1.76,2.24,13.79,1.85,1.95,0.34,116.2615,
2019-10-18,1.52,1.6,1.68,1.66,1.58,1.56,1.76,2.25,14.25,1.85,1.88,0.32,116.1344,
2019-10-21,1.53,1.61,1.69,1.67,1.62,1.61,1.8,2.28,14.0,1.85,1.86,0.29,116.0436,
2019-10-22,1.53,1.61,1.69,1.65,1.6,1.6,1.78,2.26,14.46,1.85,1.87,0.32,115.9851,
2019-10-23,1.52,1.61,1.7,1.65,1.58,1.58,1.77,2.25,14.01,1.85,1.87,0.32,116.0586,
2019-10-24,1.52,1.62,1.72,1.67,1.58,1.58,1.77,2.26,13.71,1.85,1.86,0.3,116.1278,
2019-10-25,1.55,1.65,1.75,1.66,1.63,1.62,1.8,2.29,12.65,1.83,1.84,0.3,116.0774,
2019-10-28,1.53,1.64,1.75,1.65,1.64,1.66,1.85,2.34,13.11,1.83,1.82,0.32,116.0222,
2019-10-29,1.51,1.61,1.71,1.63,1.64,1.66,1.84,2.33,13.2,1.82,1.81,0.33,115.9797,
2019-10-30,1.47,1.57,1.67,1.62,1.61,1.61,1.78,2.26,12.33,1.82,1.82,0.32,116.1636,
2019-10-31,1.44,1.54,1.64,1.54,1.52,1.51,1.69,2.17,13.22,1.58,1.76,0.39,115.9125,
2019-11-01,1.5,1.59,1.68,1.52,1.56,1.55,1.73,2.21,12.3,1.57,1.58,0.4,115.7312,
2019-11-04,1.56,1.64,1.72,1.53,1.6,1.6,1.79,2.27,12.83,1.56,1.56,0.41,115.8624,
2019-11-05,1.58,1.68,1.78,1.56,1.63,1.66,1.86,2.34,13.1,1.56,1.58,0.36,116.1138,
2019-11-06,1.57,1.66,1.75,1.56,1.61,1.63,1.81,2.3,12.62,1.55,1.57,0.37,116.1004,
2019-11-07,1.61,1.69,1.77,1.56,1.68,1.74,1.92,2.4,12.73,1.55,1.56,0.37,116.1172,
2019-11-08,1.63,1.71,1.79,1.55,1.68,1.74,1.94,2.43,12.07,1.55,1.56,0.38,116.3436,
2019-11-11,1.63,1.71,1.79,1.55,1.68,1.74,1.94,2.43,12.69,1.55,1.56,0.38,116.3436,
2019-11-12,1.6,1.7,1.8,1.59,1.66,1.73,1.92,2.39,12.68,1.55,1.57,0.35,116.5837,
2019-11-13,1.58,1.66,1.74,1.57,1.63,1.69,1.88,2.36,13.0,1.55,1.57,0.37,116.8397,
2019-11-14,1.54,1.62,1.7,1.57,1.58,1.63,1.82,2.31,13.05,1.55,1.58,0.36,116.8022,
2019-11-15,1.52,1.63,1.74,1.57,1.61,1.65,1.84,2.31,12.05,1.55,1.59,0.36,116.4401,
2019-11-18,1.54,1.63,1.72,1.57,1.6,1.63,1.81,2.3,12.46,1.55,1.56,0.36,116.3625,
2019-11-19,1.53,1.63,1.73,1.57,1.6,1.63,1.79,2.26,12.86,1.55,1.57,0.35,116.5391,
2019-11-20,1.51,1.6,1.69,1.57,1.56,1.58,1.73,2.2,12.78,1.55,1.57,0.36,116.828,
2019-11-21,1.53,1.63,1.73,1.58,1.6,1.62,1.77,2.24,13.13,1.55,1.58,0.36,116.7435,
2019-11-22,1.53,1.62,1.71,1.58,1.61,1.62,1.77,2.22,12.34,1.55,1.58,0.37,116.9137,
2019-11-25,1.53,1.62,1.71,1.61,1.61,1.62,1.76,2.21,11.87,1.55,1.56,0.34,117.0098,
2019-11-26,1.52,1.62,1.72,1.6,1.58,1.58,1.74,2.18,11.54,1.55,1.54,0.34,117.0513,
2019-11-27,1.54,1.63,1.72,1.62,1.63,1.63,1.77,2.19,11.75,1.55,1.55,0.32,117.1273,
2019-11-28,1.54,1.63,1.72,1.62,1.63,1.63,1.77,2.19,11.75,1.55,1.55,0.32,117.1273,
2019-11-29,1.5,1.61,1.72,1.59,1.61,1.62,1.78,2.21,12.62,1.56,1.65,0.35,117.1204,
2019-12-02,1.54,1.65,1.76,1.6,1.61,1.65,1.83,2.28,14.91,1.56,1.63,0.33,116.9647,
2019-12-03,1.51,1.63,1.75,1.57,1.53,1.54,1.72,2.17,15.96,1.55,1.55,0.35,116.8898,
2019-12-04,1.54,1.66,1.78,1.55,1.58,1.6,1.77,2.22,14.8,1.55,1.54,0.37,116.692,
2019-12-05,1.55,1.67,1.79,1.54,1.58,1.62,1.8,2.24,14.52,1.55,1.55,0.38,116.3838,
2019-12-06,1.59,1.69,1.79,1.53,1.61,1.67,1.84,2.29,13.62,1.55,1.55,0.39,116.5381,
2019-12-09,1.59,1.69,1.79,1.54,1.63,1.67,1.83,2.27,15.86,1.55,1.56,0.38,116.3283,
2019-12-10,1.59,1.71,1.83,1.56,1.65,1.68,1.85,2.26,15.68,1.55,1.55,0.36,116.2542,
2019-12-11,1.6,1.69,1.78,1.57,1.61,1.64,1.79,2.23,14.99,1.55,1.54,0.35,116.1478,
2019-12-12,1.62,1.72,1.82,1.56,1.66,1.73,1.9,2.32,13.94,1.55,1.53,0.36,115.8741,
2019-12-13,1.62,1.7,1.78,1.57,1.61,1.66,1.82,2.26,12.63,1.55,1.54,0.36,115.6967,
2019-12-16,1.64,1.73,1.82,1.57,1.65,1.72,1.89,2.3,12.14,1.56,1.62,0.36,115.555,
2019-12-17,1.65,1.75,1.85,1.56,1.63,1.71,1.89,2.31,12.29,1.55,1.54,0.37,115.5553,
2019-12-18,1.68,1.76,1.84,1.56,1.63,1.74,1.92,2.35,12.58,1.55,1.53,0.38,115.6618,
2019-12-19,1.68,1.77,1.86,1.57,1.62,1.73,1.92,2.35,12.5,1.55,1.53,0.39,115.5988,
2019-12-20,1.67,1.77,1.87,1.58,1.63,1.73,1.92,2.34,12.51,1.55,1.53,0.38,115.7598,
2019-12-23,1.67,1.75,1.83,1.59,1.64,1.75,1.93,2.35,12.61,1.55,1.52,0.39,115.8059,
2019-12-24,1.67,1.75,1.83,1.58,1.62,1.72,1.9,2.33,12.67,1.55,1.52,0.41,115.8059,
2019-12-25,1.67,1.75,1.83,1.58,1.62,1.72,1.9,2.33,12.67,1.55,1.52,0.41,115.8059,
2019-12-26,1.66,1.74,1.82,1.58,1.64,1.72,1.9,2.33,12.65,1.55,1.52,0.41,115.634,
2019-12-27,1.64,1.73,1.82,1.57,1.59,1.68,1.88,2.32,13.43,1.55,1.53,0.4,115.22,
2019-12-30,1.66,1.75,1.84,1.57,1.58,1.68,1.9,2.34,14.82,1.55,1.54,0.37,114.9631,
2019-12-31,1.68,1.77,1.86,1.55,1.58,1.69,1.92,2.39,13.78,1.55,1.55,0.37,114.669,
2020-01-01,1.68,1.77,1.86,1.55,1.58,1.69,1.92,2.39,13.78,1.55,1.55,0.37,114.669,
2020-01-02,1.72,1.8,1.88,1.54,1.58,1.67,1.88,2.33,12.47,1.55,1.54,0.39,114.9745,
2020-01-03,1.69,1.77,1.85,1.52,1.53,1.59,1.8,2.26,14.02,1.55,1.55,0.38,114.9867,
2020-01-06,1.69,1.75,1.81,1.56,1.54,1.61,1.81,2.28,13.85,1.55,1.55,0.34,114.9557,
2020-01-07,1.67,1.74,1.81,1.54,1.54,1.62,1.83,2.31,13.79,1.55,1.56,0.37,115.1477,
2020-01-08,1.68,1.75,1.82,1.54,1.58,1.67,1.87,2.35,13.45,1.55,1.55,0.32,115.1328,
2020-01-09,1.67,1.74,1.81,1.54,1.58,1.65,1.85,2.38,12.54,1.55,1.55,0.34,115.2331,
2020-01-10,1.67,1.76,1.85,1.54,1.56,1.63,1.83,2.28,12.56,1.54,1.55,0.33,115.0677,
2020-01-13,1.7,1.77,1.84,1.57,1.58,1.65,1.85,2.3,12.32,1.54,1.54,0.29,115.0342,
2020-01-14,1.7,1.77,1.84,1.57,1.58,1.63,1.82,2.27,12.39,1.54,1.55,0.3,115.0239,
2020-01-15,1.67,1.75,1.83,1.57,1.56,1.6,1.79,2.23,12.42,1.54,1.56,0.3,114.9528,
2020-01-16,1.68,1.74,1.8,1.55,1.58,1.63,1.81,2.26,12.32,1.54,1.55,0.31,115.0006,
2020-01-17,1.68,1.75,1.82,1.56,1.58,1.63,1.84,2.29,12.1,1.55,1.54,0.29,115.0656,
2020-01-20,1.68,1.75,1.82,1.56,1.58,1.63,1.84,2.29,12.1,1.55,1.54,0.29,115.0656,
2020-01-21,1.66,1.74,1.82,1.56,1.53,1.57,1.78,2.23,12.85,1.55,1.54,0.28,115.1876,
2020-01-22,1.64,1.72,1.8,1.55,1.53,1.57,1.77,2.22,12.91,1.55,1.54,0.28,115.2273,
2020-01-23,1.64,1.7,1.76,1.55,1.51,1.55,1.74,2.18,12.98,1.55,1.54,0.27,115.5545,
2020-01-24,1.62,1.68,1.74,1.54,1.49,1.51,1.7,2.14,14.56,1.55,1.53,0.29,115.5556,
2020-01-27,1.56,1.63,1.7,1.55,1.44,1.44,1.61,2.05,18.23,1.55,1.53,0.25,115.8004,
2020-01-28,1.59,1.65,1.71,1.57,1.45,1.47,1.65,2.1,16.28,1.55,1.53,0.23,115.7239,
2020-01-29,1.58,1.64,1.7,1.56,1.42,1.41,1.6,2.05,16.39,1.55,1.53,0.25,115.7003,
2020-01-30,1.59,1.64,1.69,1.57,1.41,1.39,1.57,2.04,15.49,1.6,1.58,0.22,115.8077,
2020-01-31,1.6,1.65,1.7,1.55,1.33,1.32,1.51,1.99,18.84,1.59,1.6,0.23,115.7345,
2020-02-03,1.56,1.63,1.7,1.57,1.36,1.35,1.54,2.01,17.97,1.59,1.59,0.2,116.1172,
2020-02-04,1.58,1.64,1.7,1.57,1.41,1.42,1.61,2.08,16.05,1.59,1.6,0.2,115.9291,
2020-02-05,1.61,1.66,1.71,1.57,1.44,1.46,1.66,2.14,15.15,1.59,1.59,0.2,116.009,
2020-02-06,1.61,1.67,1.73,1.57,1.44,1.45,1.65,2.11,14.96,1.59,1.59,0.19,116.1518,
2020-02-07,1.61,1.66,1.71,1.56,1.41,1.41,1.59,2.05,15.47,1.58,1.58,0.2,116.5086,
2020-02-10,1.62,1.66,1.7,1.58,1.37,1.38,1.56,2.03,15.04,1.58,1.58,0.16,116.5711,
2020-02-11,1.6,1.65,1.7,1.57,1.41,1.4,1.59,2.05,15.18,1.58,1.58,0.17,116.3585,
2020-02-12,1.64,1.66,1.68,1.58,1.44,1.45,1.62,2.09,13.74,1.58,1.57,0.15,116.2794,
2020-02-13,1.65,1.67,1.69,1.59,1.44,1.43,1.61,2.07,14.15,1.58,1.57,0.13,116.3999,
2020-02-14,1.64,1.66,1.68,1.58,1.42,1.42,1.59,2.04,13.68,1.58,1.58,0.14,116.4223,
2020-02-17,1.64,1.66,1.68,1.58,1.42,1.42,1.59,2.04,13.68,1.58,1.58,0.14,116.4223,
2020-02-18,1.64,1.65,1.66,1.58,1.41,1.39,1.55,2.0,14.83,1.59,1.6,0.14,116.6039,
2020-02-19,1.65,1.65,1.65,1.58,1.42,1.41,1.56,2.01,14.38,1.59,1.59,0.15,116.7829,
2020-02-20,1.63,1.63,1.63,1.58,1.39,1.37,1.52,1.97,15.56,1.59,1.6,0.13,117.2454,
2020-02-21,1.6,1.61,1.62,1.56,1.34,1.3,1.46,1.9,17.08,1.58,1.58,0.15,117.0473,
2020-02-24,1.57,1.59,1.61,1.53,1.26,1.21,1.38,1.84,25.03,1.58,1.58,0.15,117.4018,
2020-02-25,1.52,1.53,1.54,1.53,1.2,1.16,1.33,1.8,27.85,1.58,1.59,0.14,117.2425,
2020-02-26,1.5,1.54,1.58,1.53,1.16,1.14,1.33,1.81,27.56,1.58,1.58,0.11,117.405,
2020-02-27,1.48,1.53,1.58,1.45,1.11,1.11,1.3,1.79,39.16,1.58,1.58,0.16,117.3678,
2020-02-28,1.33,1.41,1.49,1.27,0.86,0.89,1.13,1.65,40.11,1.58,1.6,0.21,117.6568,
2020-03-02,1.32,1.41,1.5,1.13,0.84,0.88,1.1,1.66,33.42,1.59,1.59,0.15,116.8144,
2020-03-03,1.34,1.45,1.56,0.95,0.71,0.77,1.02,1.64,36.82,1.59,1.64,0.38,116.4958,
2020-03-04,1.34,1.46,1.58,0.72,0.67,0.75,1.02,1.67,31.99,1.09,1.23,0.29,116.7802,
2020-03-05,1.28,1.4,1.52,0.62,0.59,0.67,0.92,1.56,39.62,1.09,1.12,0.39,116.7901,
2020-03-06,1.14,1.31,1.48,0.45,0.49,0.58,0.74,1.25,41.94,1.09,1.1,0.45,116.7106,
2020-03-09,0.8,0.99,1.18,0.33,0.38,0.46,0.54,0.99,54.46,1.09,1.09,0.45,117.1871,
2020-03-10,0.77,1.0,1.23,0.44,0.5,0.63,0.76,1.28,47.3,1.09,1.11,0.35,117.9027,
2020-03-11,0.69,0.96,1.23,0.42,0.5,0.66,0.82,1.3,53.9,1.09,1.15,0.36,118.2505,
2020-03-12,0.63,0.92,1.21,0.33,0.5,0.66,0.88,1.49,75.47,1.1,1.2,0.41,120.4883,
2020-03-13,0.53,0.9,1.27,0.28,0.49,0.7,0.94,1.56,57.83,1.1,1.1,0.57,120.4388,
2020-03-16,0.3,0.73,1.16,0.24,0.36,0.49,0.73,1.34,82.69,0.25,0.26,0.65,120.9352,
2020-03-17,0.16,0.63,1.1,0.19,0.47,0.66,1.02,1.63,75.91,0.25,0.54,0.86,122.4816,
2020-03-18,0.16,0.63,1.1,0.02,0.54,0.79,1.18,1.77,76.45,0.25,0.1,1.1,124.1623,
2020-03-19,0.14,0.5,0.86,0.04,0.44,0.66,1.12,1.78,72.0,0.2,0.06,1.16,125.0587,
2020-03-20,0.31,0.75,1.19,0.05,0.37,0.52,0.92,1.55,66.04,0.15,0.04,1.15,124.9362,
2020-03-23,0.37,0.8,1.23,0.02,0.28,0.38,0.76,1.33,61.59,0.15,0.02,1.2,126.1262,
2020-03-24,0.55,0.97,1.39,0.01,0.38,0.52,0.84,1.39,61.67,0.12,0.01,1.22,125.5001,
2020-03-25,0.69,1.07,1.45,0.0,0.34,0.56,0.88,1.45,63.95,0.1,0.01,1.31,124.7916,
2020-03-26,0.72,1.07,1.42,0.0,0.3,0.51,0.83,1.42,61.0,0.1,0.01,1.42,122.4308,
2020-03-27,0.54,0.94,1.34,0.03,0.25,0.41,0.72,1.29,65.54,0.1,0.01,1.42,122.4007,
2020-03-30,0.57,0.95,1.33,0.12,0.23,0.39,0.7,1.31,57.08,0.09,0.01,1.31,123.2883,
2020-03-31,0.49,0.87,1.25,0.11,0.23,0.37,0.7,1.35,53.54,0.08,0.01,1.34,122.5301,
2020-04-01,0.56,0.91,1.26,0.09,0.23,0.37,0.62,1.27,57.06,0.06,0.01,1.35,123.7933,
2020-04-02,0.73,1.03,1.33,0.09,0.23,0.39,0.63,1.26,50.91,0.05,0.01,1.28,123.5916,
2020-04-03,0.78,1.08,1.38,0.1,0.23,0.39,0.62,1.24,46.8,0.05,0.01,1.29,124.4152,
2020-04-06,0.85,1.14,1.43,0.15,0.27,0.44,0.67,1.27,45.24,0.05,0.01,1.2,124.16,
2020-04-07,0.86,1.17,1.48,0.14,0.28,0.48,0.75,1.32,46.7,0.05,0.01,1.18,123.0956,
2020-04-08,0.87,1.19,1.51,0.22,0.27,0.47,0.77,1.37,43.35,0.05,0.01,1.09,123.2216,
2020-04-09,0.9,1.23,1.56,0.25,0.23,0.41,0.73,1.35,41.67,0.05,0.01,0.97,122.476,
2020-04-10,0.9,1.23,1.56,0.25,0.23,0.41,0.73,1.35,41.67,0.05,0.01,0.97,122.1592,
2020-04-13,0.94,1.26,1.58,0.26,0.25,0.44,0.76,1.39,41.17,0.05,0.02,0.97,122.5203,
2020-04-14,0.94,1.29,1.64,0.2,0.23,0.42,0.76,1.41,37.76,0.05,0.06,0.98,122.1121,
2020-04-15,0.87,1.19,1.51,0.14,0.2,0.34,0.63,1.27,40.84,0.05,0.03,0.99,123.0752,
2020-04-16,0.7,1.03,1.36,0.14,0.2,0.35,0.61,1.21,40.11,0.05,0.03,1.0,123.4615,
2020-04-17,0.67,1.01,1.35,0.12,0.2,0.36,0.65,1.27,38.15,0.05,0.03,0.99,122.871,
2020-04-20,0.56,0.94,1.32,0.12,0.2,0.35,0.63,1.23,43.83,0.05,0.02,0.98,123.1033,
2020-04-21,0.58,0.96,1.34,0.11,0.2,0.34,0.58,1.17,45.41,0.05,0.01,0.93,123.9116,
2020-04-22,0.69,1.06,1.43,0.12,0.22,0.37,0.63,1.22,41.98,0.05,0.01,0.9,123.9256,
2020-04-23,0.67,1.05,1.43,0.11,0.22,0.37,0.61,1.18,41.38,0.04,0.01,0.88,123.7542,
2020-04-24,0.72,1.11,1.5,0.12,0.22,0.36,0.6,1.17,35.93,0.05,0.03,0.77,124.1615,
2020-04-27,0.78,1.17,1.56,0.12,0.24,0.41,0.67,1.25,33.29,0.04,0.03,0.72,123.8843,
2020-04-28,0.76,1.14,1.52,0.11,0.2,0.37,0.62,1.2,33.57,0.04,0.01,0.65,123.3693,
2020-04-29,0.78,1.14,1.5,0.1,0.2,0.36,0.63,1.24,31.23,0.04,0.01,0.59,122.7782,
2020-04-30,0.72,1.07,1.42,0.09,0.2,0.36,0.64,1.28,34.15,0.05,0.04,0.47,122.327,
2020-05-01,0.68,1.06,1.44,0.12,0.2,0.36,0.64,1.27,37.19,0.05,0.03,0.42,123.1492,
2020-05-04,0.69,1.07,1.45,0.13,0.19,0.36,0.64,1.29,35.97,0.05,0.05,0.37,123.2117,
2020-05-05,0.71,1.1,1.49,0.13,0.19,0.36,0.66,1.32,33.61,0.05,0.05,0.34,122.803,
2020-05-06,0.71,1.1,1.49,0.12,0.17,0.37,0.72,1.41,34.12,0.05,0.05,0.33,123.609,
2020-05-07,0.7,1.08,1.46,0.11,0.13,0.29,0.63,1.31,31.44,0.05,0.05,0.32,123.1249,
2020-05-08,0.74,1.12,1.5,0.12,0.16,0.33,0.69,1.39,27.98,0.05,0.06,0.32,122.5379,
2020-05-11,0.75,1.13,1.51,0.12,0.17,0.36,0.73,1.43,27.57,0.05,0.06,0.31,123.2333,
2020-05-12,0.72,1.09,1.46,0.13,0.17,0.34,0.69,1.38,33.04,0.05,0.06,0.29,123.0592,
2020-05-13,0.71,1.07,1.43,0.13,0.16,0.31,0.64,1.35,35.28,0.05,0.04,0.26,123.5408,
2020-05-14,0.71,1.06,1.41,0.12,0.16,0.31,0.63,1.3,32.61,0.05,0.02,0.27,123.6429,
2020-05-15,0.75,1.09,1.43,0.12,0.16,0.31,0.64,1.32,31.89,0.05,0.05,0.26,123.5991,
2020-05-18,0.84,1.17,1.5,0.13,0.18,0.38,0.73,1.44,29.3,0.05,0.04,0.25,122.7968,
2020-05-19,0.82,1.15,1.48,0.13,0.17,0.35,0.7,1.43,30.53,0.05,0.04,0.24,122.5655,
2020-05-20,0.83,1.16,1.49,0.12,0.16,0.34,0.68,1.4,27.99,0.05,0.01,0.24,122.1007,
2020-05-21,0.81,1.14,1.47,0.12,0.17,0.35,0.68,1.4,29.53,0.05,0.02,0.24,122.0914,
2020-05-22,0.8,1.12,1.44,0.12,0.17,0.34,0.66,1.37,28.16,0.05,0.04,0.25,122.3211,
2020-05-25,0.8,1.12,1.44,0.12,0.17,0.34,0.66,1.37,28.16,0.05,0.04,0.25,122.3211,
2020-05-26,0.82,1.13,1.44,0.14,0.18,0.35,0.69,1.43,28.01,0.05,0.06,0.23,121.3864,
2020-05-27,0.82,1.14,1.46,0.15,0.19,0.34,0.68,1.44,27.62,0.05,0.06,0.21,121.5677,
2020-05-28,0.86,1.18,1.5,0.15,0.17,0.34,0.7,1.47,28.59,0.05,0.06,0.2,121.0138,
2020-05-29,0.83,1.15,1.47,0.14,0.16,0.3,0.65,1.41,27.51,0.05,0.06,0.2,120.9458,
2020-06-01,0.84,1.18,1.52,0.14,0.14,0.31,0.66,1.46,28.23,0.05,0.06,0.2,120.2686,
2020-06-02,0.84,1.18,1.52,0.15,0.17,0.32,0.68,1.48,26.84,0.06,0.07,0.18,119.6854,
2020-06-03,0.88,1.21,1.54,0.16,0.19,0.38,0.77,1.56,25.66,0.06,0.06,0.17,119.2556,
2020-06-04,0.88,1.22,1.56,0.15,0.19,0.4,0.82,1.61,25.81,0.06,0.07,0.17,119.3014,
2020-06-05,0.95,1.27,1.59,0.15,0.22,0.47,0.91,1.68,24.52,0.07,0.07,0.16,118.8138,
2020-06-08,0.98,1.28,1.58,0.17,0.22,0.45,0.88,1.65,25.81,0.07,0.07,0.14,118.6621,
2020-06-09,0.98,1.26,1.54,0.19,0.2,0.4,0.84,1.59,27.57,0.07,0.08,0.12,118.5893,
2020-06-10,1.0,1.27,1.54,0.17,0.17,0.33,0.75,1.53,27.57,0.08,0.07,0.15,118.5231,
2020-06-11,0.95,1.21,1.47,0.17,0.19,0.32,0.66,1.41,40.79,0.08,0.08,0.14,119.2347,
2020-06-12,0.95,1.21,1.47,0.16,0.19,0.33,0.71,1.45,36.09,0.08,0.08,0.16,119.6645,
2020-06-15,0.98,1.23,1.48,0.18,0.19,0.33,0.71,1.45,34.4,0.09,0.09,0.12,119.9539,
2020-06-16,1.02,1.27,1.52,0.17,0.21,0.34,0.75,1.54,33.67,0.09,0.09,0.14,119.567,
2020-06-17,1.01,1.26,1.51,0.17,0.19,0.34,0.74,1.52,33.47,0.09,0.09,0.15,119.9105,
2020-06-18,1.12,1.28,1.44,0.16,0.19,0.34,0.71,1.47,32.94,0.09,0.09,0.15,120.2173,
2020-06-19,1.06,1.3,1.54,0.15,0.19,0.33,0.7,1.47,35.12,0.09,0.09,0.16,120.2186,
2020-06-22,1.11,1.34,1.57,0.16,0.19,0.34,0.71,1.46,31.77,0.08,0.08,0.14,119.7532,
2020-06-23,1.14,1.38,1.62,0.16,0.18,0.33,0.72,1.49,31.37,0.08,0.07,0.14,119.3285,
2020-06-24,1.1,1.33,1.56,0.15,0.19,0.33,0.69,1.44,33.84,0.08,0.08,0.13,119.9744,
2020-06-25,1.11,1.33,1.55,0.16,0.17,0.32,0.68,1.43,32.22,0.08,0.09,0.15,120.2997,
2020-06-26,1.11,1.32,1.53,0.14,0.17,0.3,0.64,1.37,34.73,0.08,0.08,0.17,120.533,
2020-06-29,1.14,1.34,1.54,0.14,0.16,0.28,0.64,1.39,31.78,0.08,0.08,0.16,120.6658,
2020-06-30,1.16,1.34,1.52,0.16,0.16,0.29,0.66,1.41,30.43,0.08,0.1,0.14,120.4649,
2020-07-01,1.17,1.37,1.57,0.14,0.17,0.31,0.69,1.43,28.62,0.08,0.11,0.16,120.0808,
2020-07-02,1.21,1.41,1.61,0.14,0.16,0.29,0.68,1.43,27.68,0.09,0.11,0.16,119.8555,
2020-07-03,1.21,1.41,1.61,0.14,0.16,0.29,0.68,1.43,27.68,0.09,0.11,0.16,119.8555,
2020-07-06,1.28,1.45,1.62,0.15,0.16,0.31,0.69,1.45,27.94,0.09,0.1,0.13,119.2852,
2020-07-07,1.26,1.43,1.6,0.15,0.16,0.29,0.65,1.38,29.43,0.09,0.1,0.12,119.5717,
2020-07-08,1.25,1.42,1.59,0.15,0.16,0.3,0.67,1.39,28.08,0.09,0.1,0.12,119.5525,
2020-07-09,1.22,1.39,1.56,0.13,0.16,0.28,0.62,1.32,29.26,0.09,0.1,0.14,119.5129,
2020-07-10,1.25,1.41,1.57,0.13,0.16,0.3,0.65,1.33,27.29,0.09,0.1,0.14,119.3509,
2020-07-13,1.27,1.42,1.57,0.14,0.16,0.3,0.64,1.33,32.19,0.09,0.1,0.14,119.1891,
2020-07-14,1.27,1.41,1.55,0.15,0.14,0.28,0.63,1.3,29.52,0.09,0.11,0.12,119.3901,
2020-07-15,1.28,1.41,1.54,0.16,0.16,0.28,0.64,1.33,27.76,0.1,0.13,0.11,119.0331,
2020-07-16,1.3,1.41,1.52,0.11,0.16,0.28,0.62,1.31,28.0,0.1,0.12,0.16,118.9275,
2020-07-17,1.35,1.46,1.57,0.11,0.14,0.29,0.64,1.33,25.68,0.09,0.12,0.16,119.124,
2020-07-20,1.37,1.46,1.55,0.13,0.16,0.29,0.62,1.32,24.46,0.1,0.12,0.13,119.0483,
2020-07-21,1.4,1.48,1.56,0.13,0.14,0.27,0.61,1.31,24.84,0.1,0.11,0.13,118.4042,
2020-07-22,1.4,1.48,1.56,0.13,0.14,0.27,0.6,1.29,24.32,0.09,0.1,0.13,118.1337,
2020-07-23,1.37,1.49,1.61,0.12,0.16,0.27,0.59,1.24,26.08,0.09,0.1,0.12,118.0613,
2020-07-24,1.35,1.51,1.67,0.11,0.14,0.27,0.59,1.23,25.84,0.09,0.1,0.14,118.1329,
2020-07-27,1.38,1.52,1.66,0.11,0.15,0.3,0.62,1.25,24.74,0.1,0.1,0.16,117.3869,
2020-07-28,1.36,1.51,1.66,0.11,0.14,0.26,0.59,1.22,25.44,0.1,0.1,0.16,117.3189,
2020-07-29,1.38,1.53,1.68,0.11,0.12,0.25,0.58,1.24,24.1,0.1,0.09,0.15,117.2126,
2020-07-30,1.37,1.52,1.67,0.09,0.11,0.23,0.55,1.2,24.76,0.1,0.1,0.16,117.4008,
2020-07-31,1.4,1.55,1.7,0.09,0.11,0.21,0.55,1.2,24.46,0.1,0.1,0.16,117.2082,
2020-08-03,1.46,1.58,1.7,0.1,0.11,0.22,0.56,1.23,24.28,0.1,0.1,0.15,117.8074,
2020-08-04,1.45,1.57,1.69,0.09,0.11,0.19,0.52,1.19,23.76,0.1,0.09,0.16,117.7833,
2020-08-05,1.52,1.61,1.7,0.1,0.11,0.22,0.55,1.22,22.99,0.1,0.09,0.14,116.8736,
2020-08-06,1.53,1.63,1.73,0.1,0.11,0.21,0.55,1.2,22.65,0.1,0.09,0.14,117.0422,
2020-08-07,1.5,1.61,1.72,0.1,0.13,0.23,0.57,1.23,22.21,0.1,0.09,0.15,117.6239,
2020-08-10,1.49,1.61,1.73,0.11,0.14,0.24,0.59,1.25,22.13,0.1,0.09,0.15,117.5821,
2020-08-11,1.5,1.63,1.76,0.11,0.16,0.27,0.64,1.32,24.03,0.1,0.1,0.14,117.3781,
2020-08-12,1.56,1.67,1.78,0.11,0.16,0.3,0.69,1.37,22.28,0.1,0.09,0.15,117.2559,
2020-08-13,1.56,1.67,1.78,0.1,0.16,0.32,0.71,1.42,22.13,0.1,0.09,0.18,117.1193,
2020-08-14,1.53,1.65,1.77,0.1,0.14,0.29,0.71,1.45,22.05,0.1,0.09,0.17,116.9395,
2020-08-17,1.54,1.66,1.78,0.1,0.14,0.29,0.69,1.43,21.35,0.1,0.1,0.17,116.749,
2020-08-18,1.55,1.68,1.81,0.09,0.14,0.27,0.67,1.4,21.51,0.09,0.09,0.16,116.5593,
2020-08-19,1.55,1.67,1.79,0.11,0.14,0.29,0.68,1.42,22.54,0.09,0.09,0.14,116.567,
2020-08-20,1.48,1.62,1.76,0.11,0.13,0.26,0.65,1.38,22.72,0.09,0.07,0.15,116.8126,
2020-08-21,1.52,1.64,1.76,0.1,0.16,0.27,0.64,1.35,22.54,0.09,0.07,0.15,117.0572,
2020-08-24,1.57,1.67,1.77,0.12,0.14,0.28,0.65,1.35,22.37,0.09,0.08,0.11,116.912,
2020-08-25,1.6,1.7,1.8,0.11,0.15,0.3,0.69,1.39,22.03,0.09,0.08,0.14,116.8206,
2020-08-26,1.63,1.72,1.81,0.11,0.16,0.28,0.69,1.41,23.27,0.09,0.07,0.15,116.6243,
2020-08-27,1.65,1.73,1.81,0.11,0.16,0.31,0.74,1.5,24.47,0.08,0.07,0.14,116.649,
2020-08-28,1.68,1.77,1.86,0.1,0.14,0.28,0.74,1.52,22.96,0.09,0.07,0.14,115.9374,
2020-08-31,1.69,1.8,1.91,0.11,0.14,0.28,0.72,1.49,26.41,0.09,0.09,0.14,115.7586,
2020-09-01,1.65,1.76,1.87,0.12,0.13,0.26,0.68,1.43,26.12,0.09,0.09,0.13,115.5687,
2020-09-02,1.61,1.73,1.85,0.12,0.14,0.26,0.66,1.38,26.57,0.09,0.09,0.13,116.0304,
2020-09-03,1.53,1.65,1.77,0.11,0.13,0.24,0.63,1.34,33.6,0.09,0.1,0.14,116.0685,
2020-09-04,1.57,1.7,1.83,0.11,0.14,0.3,0.72,1.46,30.75,0.09,0.09,0.14,116.0347,
2020-09-07,1.57,1.7,1.83,0.11,0.14,0.3,0.72,1.46,30.75,0.09,0.09,0.14,116.0347,
2020-09-08,1.55,1.68,1.81,0.13,0.14,0.28,0.69,1.43,31.46,0.09,0.09,0.12,116.4618,
2020-09-09,1.57,1.71,1.85,0.12,0.14,0.28,0.71,1.45,28.81,0.09,0.09,0.13,116.1291,
2020-09-10,1.54,1.69,1.84,0.12,0.14,0.26,0.68,1.43,29.71,0.09,0.09,0.13,115.8806,
2020-09-11,1.53,1.65,1.77,0.11,0.13,0.26,0.67,1.42,26.87,0.09,0.09,0.14,116.0866,
2020-09-14,1.54,1.65,1.76,0.11,0.14,0.27,0.68,1.42,25.85,0.09,0.09,0.13,115.6428,
2020-09-15,1.54,1.67,1.8,0.11,0.14,0.27,0.68,1.43,25.59,0.09,0.1,0.14,115.5908,
2020-09-16,1.57,1.68,1.79,0.12,0.14,0.28,0.69,1.45,26.04,0.09,0.1,0.11,115.3537,
2020-09-17,1.57,1.66,1.75,0.09,0.13,0.28,0.69,1.43,26.46,0.09,0.1,0.14,115.4392,
2020-09-18,1.58,1.67,1.76,0.1,0.14,0.29,0.7,1.45,25.83,0.09,0.09,0.13,115.2395,
2020-09-21,1.5,1.62,1.74,0.1,0.14,0.27,0.68,1.43,27.78,0.09,0.08,0.12,116.378,
2020-09-22,1.5,1.62,1.74,0.1,0.13,0.27,0.68,1.42,26.86,0.09,0.07,0.12,116.5438,
2020-09-23,1.48,1.6,1.72,0.11,0.14,0.28,0.68,1.42,28.58,0.09,0.06,0.12,117.2526,
2020-09-24,1.45,1.58,1.71,0.1,0.14,0.27,0.67,1.4,28.51,0.09,0.07,0.13,117.5473,
2020-09-25,1.43,1.58,1.73,0.1,0.12,0.26,0.66,1.4,26.38,0.09,0.08,0.12,117.8679,
2020-09-28,1.48,1.61,1.74,0.11,0.14,0.26,0.67,1.42,26.19,0.09,0.08,0.11,117.6178,
2020-09-29,1.49,1.64,1.79,0.09,0.11,0.24,0.66,1.41,26.27,0.09,0.07,0.14,117.526,
2020-09-30,1.5,1.63,1.76,0.1,0.13,0.28,0.69,1.46,26.37,0.09,0.08,0.13,116.946,
2020-10-01,1.48,1.63,1.78,0.09,0.14,0.27,0.68,1.45,26.7,0.09,0.08,0.14,116.7227,
2020-10-02,1.48,1.64,1.8,0.09,0.13,0.28,0.7,1.48,27.63,0.09,0.1,0.14,116.7321,
2020-10-05,1.52,1.68,1.84,0.1,0.14,0.33,0.78,1.57,27.96,0.09,0.09,0.12,116.1767,
2020-10-06,1.51,1.66,1.81,0.1,0.14,0.32,0.76,1.56,29.48,0.09,0.1,0.13,116.2681,
2020-10-07,1.54,1.71,1.88,0.1,0.16,0.35,0.81,1.6,28.06,0.09,0.09,0.13,116.3447,
2020-10-08,1.56,1.72,1.88,0.09,0.13,0.33,0.78,1.57,26.36,0.09,0.08,0.13,116.1657,
2020-10-09,1.56,1.73,1.9,0.1,0.16,0.34,0.79,1.58,25.0,0.09,0.09,0.12,115.2757,
2020-10-12,1.56,1.73,1.9,0.1,0.16,0.34,0.79,1.58,25.07,0.09,0.09,0.12,115.2757,
2020-10-13,1.52,1.7,1.88,0.11,0.16,0.31,0.74,1.52,26.07,0.09,0.09,0.13,115.9107,
2020-10-14,1.52,1.69,1.86,0.12,0.14,0.3,0.73,1.5,26.4,0.09,0.09,0.11,115.6872,
2020-10-15,1.52,1.69,1.86,0.11,0.14,0.32,0.74,1.52,26.97,0.09,0.1,0.11,116.0964,
2020-10-16,1.53,1.71,1.89,0.11,0.14,0.32,0.76,1.52,27.41,0.09,0.09,0.11,115.7679,
2020-10-19,1.53,1.71,1.89,0.11,0.16,0.34,0.78,1.55,29.18,0.09,0.09,0.1,115.4031,
2020-10-20,1.53,1.72,1.91,0.1,0.14,0.34,0.81,1.6,29.35,0.09,0.08,0.12,115.2485,
2020-10-21,1.56,1.74,1.92,0.1,0.14,0.36,0.83,1.62,28.65,0.09,0.07,0.11,114.9108,
2020-10-22,1.68,1.76,1.84,0.09,0.16,0.38,0.87,1.67,28.11,0.09,0.07,0.12,115.1158,
2020-10-23,1.66,1.75,1.84,0.1,0.18,0.37,0.85,1.64,27.55,0.09,0.08,0.12,115.0126,
2020-10-26,1.63,1.72,1.81,0.11,0.16,0.35,0.81,1.59,32.46,0.09,0.09,0.11,115.2797,
2020-10-27,1.64,1.71,1.78,0.1,0.16,0.34,0.79,1.57,33.35,0.09,0.09,0.11,115.0131,
2020-10-28,1.61,1.7,1.79,0.1,0.16,0.34,0.79,1.56,40.28,0.09,0.08,0.11,115.8023,
2020-10-29,1.61,1.71,1.81,0.09,0.16,0.38,0.85,1.62,37.59,0.09,0.09,0.12,116.3069,
2020-10-30,1.59,1.7,1.81,0.09,0.14,0.38,0.88,1.65,38.02,0.09,0.09,0.13,116.1354,
2020-11-02,1.6,1.71,1.82,0.09,0.16,0.38,0.87,1.63,37.13,0.09,0.11,0.13,116.2361,
2020-11-03,1.62,1.72,1.82,0.1,0.17,0.39,0.9,1.66,35.55,0.09,0.1,0.12,115.4802,
2020-11-04,1.56,1.64,1.72,0.1,0.14,0.33,0.78,1.55,29.57,0.09,0.1,0.13,115.1677,
2020-11-05,1.55,1.66,1.77,0.1,0.14,0.33,0.79,1.54,27.58,0.09,0.11,0.11,114.4556,
2020-11-06,1.54,1.65,1.76,0.1,0.16,0.36,0.83,1.6,24.86,0.09,0.1,0.11,113.9919,
2020-11-09,1.63,1.73,1.83,0.11,0.17,0.44,0.96,1.73,25.75,0.09,0.1,0.1,114.0895,
2020-11-10,1.69,1.76,1.83,0.1,0.19,0.46,0.98,1.75,24.8,0.09,0.1,0.11,114.0757,
2020-11-11,1.69,1.76,1.83,0.1,0.19,0.46,0.98,1.75,23.45,0.09,0.1,0.11,114.0757,
2020-11-12,1.63,1.71,1.79,0.1,0.17,0.4,0.88,1.64,25.35,0.09,0.09,0.12,114.2843,
2020-11-13,1.64,1.72,1.8,0.09,0.17,0.41,0.89,1.65,23.1,0.09,0.09,0.13,114.2397,
2020-11-16,1.64,1.72,1.8,0.09,0.19,0.41,0.91,1.66,22.45,0.09,0.1,0.13,113.8312,
2020-11-17,1.63,1.7,1.77,0.09,0.18,0.39,0.87,1.62,22.71,0.09,0.09,0.14,113.682,
2020-11-18,1.63,1.7,1.77,0.09,0.16,0.4,0.88,1.62,23.84,0.09,0.07,0.13,113.46,
2020-11-19,1.62,1.7,1.78,0.07,0.18,0.39,0.86,1.58,23.11,0.08,0.06,0.14,113.694,
2020-11-20,1.61,1.69,1.77,0.07,0.16,0.38,0.83,1.53,23.7,0.08,0.05,0.13,113.489,
2020-11-23,1.62,1.71,1.8,0.08,0.16,0.39,0.86,1.56,22.66,0.08,0.05,0.13,113.7548,
2020-11-24,1.65,1.74,1.83,0.09,0.16,0.39,0.88,1.6,21.64,0.08,0.07,0.14,113.4316,
2020-11-25,1.67,1.75,1.83,0.09,0.17,0.39,0.88,1.62,21.25,0.08,0.08,0.14,113.1823,
2020-11-26,1.67,1.75,1.83,0.09,0.17,0.39,0.88,1.62,21.25,0.08,0.08,0.14,113.1823,
2020-11-27,1.67,1.75,1.83,0.09,0.16,0.37,0.84,1.57,20.84,0.08,0.08,0.14,113.1823,
2020-11-30,1.68,1.77,1.86,0.08,0.16,0.36,0.84,1.58,20.57,0.09,0.09,0.15,113.2256,
2020-12-01,1.72,1.81,1.9,0.09,0.17,0.42,0.92,1.66,20.77,0.09,0.08,0.14,112.8063,
2020-12-02,1.76,1.85,1.94,0.09,0.16,0.42,0.95,1.7,21.17,0.09,0.08,0.14,112.6115,
2020-12-03,1.78,1.86,1.94,0.08,0.16,0.4,0.92,1.67,21.28,0.09,0.08,0.15,112.0236,
2020-12-04,1.83,1.89,1.95,0.09,0.16,0.42,0.97,1.73,20.79,0.09,0.09,0.14,111.7778,
2020-12-07,1.84,1.88,1.92,0.08,0.14,0.4,0.94,1.69,21.3,0.09,0.08,0.15,111.8385,
2020-12-08,1.84,1.89,1.94,0.09,0.14,0.39,0.92,1.67,20.68,0.09,0.07,0.14,111.8639,
2020-12-09,1.84,1.91,1.98,0.08,0.16,0.41,0.95,1.69,22.27,0.09,0.08,0.14,112.0305,
2020-12-10,1.83,1.88,1.93,0.08,0.14,0.39,0.92,1.65,22.52,0.09,0.08,0.14,111.9788,
2020-12-11,1.82,1.87,1.92,0.08,0.11,0.37,0.9,1.63,23.31,0.09,0.08,0.14,112.1417,
2020-12-14,1.84,1.88,1.92,0.09,0.13,0.37,0.9,1.63,24.72,0.09,0.08,0.13,112.1708,
2020-12-15,1.86,1.91,1.96,0.08,0.11,0.37,0.92,1.65,22.89,0.09,0.09,0.15,111.8601,
2020-12-16,1.9,1.92,1.94,0.09,0.13,0.37,0.92,1.66,22.5,0.09,0.09,0.15,111.7157,
2020-12-17,1.9,1.94,1.98,0.08,0.13,0.38,0.94,1.68,21.93,0.09,0.09,0.16,111.2226,
2020-12-18,1.92,1.95,1.98,0.08,0.13,0.39,0.95,1.7,21.57,0.09,0.09,0.16,111.6071,
2020-12-21,1.9,1.95,2.0,0.09,0.13,0.39,0.95,1.68,25.16,0.09,0.09,0.15,111.9415,
2020-12-22,1.92,1.94,1.96,0.09,0.13,0.37,0.93,1.65,24.23,0.09,0.07,0.15,112.1947,
2020-12-23,1.93,1.97,2.01,0.09,0.13,0.38,0.96,1.7,23.31,0.09,0.06,0.16,111.9807,
2020-12-24,1.92,1.97,2.02,0.09,0.13,0.37,0.94,1.66,21.53,0.09,0.08,0.15,111.9807,
2020-12-25,1.92,1.97,2.02,0.09,0.13,0.37,0.94,1.66,21.53,0.09,0.08,0.15,111.9807,
2020-12-28,1.92,1.97,2.02,0.11,0.13,0.38,0.94,1.67,21.7,0.09,0.09,0.15,111.9752,
2020-12-29,1.9,1.96,2.02,0.1,0.12,0.37,0.94,1.67,23.08,0.09,0.1,0.15,111.5172,
2020-12-30,1.92,1.96,2.0,0.08,0.12,0.37,0.93,1.66,22.77,0.09,0.09,0.16,111.3084,
2020-12-31,1.95,1.99,2.03,0.09,0.13,0.36,0.93,1.65,22.75,0.09,0.07,0.15,111.3169,
2021-01-01,1.95,1.99,2.03,0.09,0.13,0.36,0.93,1.65,22.75,0.09,0.07,0.15,111.3169,
2021-01-04,1.98,2.01,2.04,0.09,0.11,0.36,0.93,1.66,26.97,0.09,0.1,0.15,111.2075,
2021-01-05,2.01,2.03,2.05,0.09,0.13,0.38,0.96,1.7,25.34,0.09,0.11,0.15,110.9574,
2021-01-06,2.04,2.06,2.08,0.09,0.14,0.43,1.04,1.81,25.07,0.09,0.1,0.14,110.8502,
2021-01-07,2.09,2.09,2.09,0.09,0.14,0.46,1.08,1.85,22.37,0.09,0.1,0.13,111.3042,
2021-01-08,2.07,2.06,2.05,0.08,0.14,0.49,1.13,1.87,21.56,0.09,0.09,0.14,111.2847,
2021-01-11,2.04,2.06,2.08,0.08,0.14,0.5,1.15,1.88,24.08,0.09,0.09,0.14,111.8257,
2021-01-12,2.06,2.08,2.1,0.09,0.14,0.5,1.15,1.88,23.33,0.09,0.08,0.14,111.5501,
2021-01-13,2.04,2.06,2.08,0.09,0.14,0.48,1.1,1.82,22.21,0.09,0.08,0.15,111.3622,
2021-01-14,2.09,2.09,2.09,0.09,0.16,0.49,1.15,1.88,23.25,0.09,0.08,0.14,111.1567,
2021-01-15,2.09,2.1,2.11,0.09,0.13,0.46,1.11,1.85,24.34,0.09,0.08,0.13,111.5106,
2021-01-18,2.09,2.1,2.11,0.09,0.13,0.46,1.11,1.85,24.34,0.09,0.08,0.13,111.5106,
2021-01-19,2.12,2.1,2.08,0.09,0.14,0.45,1.1,1.84,23.24,0.09,0.07,0.13,111.4527,
2021-01-20,2.15,2.12,2.09,0.08,0.13,0.45,1.1,1.84,21.58,0.09,0.06,0.14,111.4527,
2021-01-21,2.18,2.1,2.02,0.09,0.13,0.45,1.12,1.87,21.32,0.08,0.04,0.13,111.1973,
2021-01-22,2.16,2.09,2.02,0.08,0.13,0.44,1.1,1.85,21.91,0.08,0.05,0.14,111.5516,
2021-01-25,2.15,2.08,2.01,0.09,0.13,0.42,1.05,1.8,23.19,0.08,0.06,0.12,111.8676,
2021-01-26,2.15,2.08,2.01,0.07,0.11,0.42,1.05,1.8,23.02,0.08,0.03,0.15,111.6572,
2021-01-27,2.15,2.08,2.01,0.08,0.12,0.41,1.04,1.79,37.21,0.08,0.03,0.13,112.0782,
2021-01-28,2.18,2.13,2.08,0.07,0.12,0.42,1.07,1.81,30.21,0.07,0.04,0.14,112.0059,
2021-01-29,2.21,2.13,2.05,0.06,0.11,0.45,1.11,1.87,33.09,0.07,0.06,0.14,111.9511,
2021-02-01,2.18,2.11,2.04,0.07,0.11,0.42,1.09,1.84,30.24,0.08,0.07,0.13,112.4189,
2021-02-02,2.23,2.15,2.07,0.07,0.11,0.45,1.12,1.87,25.56,0.08,0.07,0.12,112.2862,
2021-02-03,2.27,2.19,2.11,0.04,0.11,0.46,1.15,1.92,22.91,0.08,0.07,0.16,112.2567,
2021-02-04,2.25,2.17,2.09,0.04,0.11,0.46,1.15,1.93,21.77,0.08,0.05,0.15,112.7469,
2021-02-05,2.28,2.21,2.14,0.03,0.09,0.47,1.19,1.97,20.87,0.08,0.02,0.16,112.2379,
2021-02-08,2.31,2.22,2.13,0.05,0.11,0.48,1.19,1.96,21.24,0.07,0.02,0.15,112.0428,
2021-02-09,2.31,2.22,2.13,0.04,0.11,0.48,1.18,1.95,21.63,0.08,0.05,0.16,111.7675,
2021-02-10,2.31,2.21,2.11,0.05,0.11,0.46,1.15,1.92,21.99,0.08,0.06,0.15,111.5834,
2021-02-11,2.32,2.2,2.08,0.05,0.11,0.46,1.16,1.94,21.25,0.08,0.06,0.15,111.5272,
2021-02-12,2.35,2.21,2.07,0.04,0.11,0.5,1.2,2.01,19.97,0.08,0.05,0.15,111.4889,
2021-02-15,2.35,2.21,2.07,0.04,0.11,0.5,1.2,2.01,19.97,0.08,0.05,0.15,111.4889,
2021-02-16,2.37,2.24,2.11,0.04,0.13,0.57,1.3,2.08,21.46,0.08,0.06,0.15,111.7879,
2021-02-17,2.35,2.21,2.07,0.04,0.11,0.57,1.29,2.06,21.5,0.08,0.06,0.14,112.0204,
2021-02-18,2.29,2.16,2.03,0.03,0.11,0.56,1.29,2.08,22.49,0.07,0.03,0.15,112.1603,
2021-02-19,2.29,2.14,1.99,0.04,0.11,0.59,1.34,2.14,22.05,0.07,0.02,0.14,111.7058,
2021-02-22,2.35,2.16,1.97,0.03,0.11,0.61,1.37,2.19,23.45,0.07,0.03,0.15,111.918,
2021-02-23,2.35,2.16,1.97,0.04,0.11,0.59,1.37,2.21,23.11,0.07,0.01,0.15,111.8981,
2021-02-24,2.38,2.17,1.96,0.03,0.12,0.62,1.38,2.24,21.34,0.07,0.02,0.16,111.7212,
2021-02-25,2.34,2.14,1.94,0.04,0.17,0.81,1.54,2.33,28.89,0.07,0.03,0.15,111.9253,
2021-02-26,2.39,2.15,1.91,0.04,0.14,0.75,1.44,2.17,27.95,0.07,0.01,0.15,112.8306,
2021-03-01,2.4,2.16,1.92,0.05,0.13,0.71,1.45,2.23,23.35,0.07,0.02,0.13,112.5263,
2021-03-02,2.43,2.2,1.97,0.04,0.13,0.67,1.42,2.21,24.1,0.07,0.04,0.14,112.5342,
2021-03-03,2.45,2.21,1.97,0.05,0.14,0.73,1.47,2.25,26.67,0.07,0.04,0.14,112.7617,
2021-03-04,2.43,2.2,1.97,0.04,0.14,0.77,1.54,2.3,28.57,0.07,0.02,0.14,112.7037,
2021-03-05,2.43,2.22,2.01,0.04,0.14,0.79,1.56,2.28,24.66,0.07,0.02,0.15,113.7487,
2021-03-08,2.42,2.21,2.0,0.05,0.17,0.86,1.59,2.31,25.47,0.07,0.02,0.13,114.2678,
2021-03-09,2.41,2.21,2.01,0.05,0.17,0.83,1.55,2.26,24.03,0.07,0.02,0.13,113.928,
2021-03-10,2.47,2.26,2.05,0.04,0.16,0.8,1.53,2.24,22.56,0.07,0.02,0.14,113.5881,
2021-03-11,2.51,2.28,2.05,0.04,0.14,0.78,1.54,2.29,21.91,0.07,0.01,0.14,112.9214,
2021-03-12,2.51,2.26,2.01,0.04,0.14,0.85,1.64,2.4,20.69,0.07,0.01,0.15,113.0269,
2021-03-15,2.54,2.27,2.0,0.04,0.14,0.84,1.62,2.37,20.03,0.07,0.01,0.14,113.1928,
2021-03-16,2.59,2.3,2.01,0.02,0.15,0.83,1.62,2.38,19.79,0.07,0.01,0.17,112.9839,
2021-03-17,2.58,2.3,2.02,0.02,0.13,0.8,1.63,2.42,19.23,0.07,0.01,0.17,113.1589,
2021-03-18,2.5,2.27,2.04,0.01,0.16,0.86,1.71,2.45,21.58,0.07,0.01,0.18,112.7744,
2021-03-19,2.51,2.31,2.11,0.01,0.16,0.9,1.74,2.45,20.95,0.07,0.01,0.19,112.9756,
2021-03-22,2.51,2.33,2.15,0.03,0.15,0.87,1.69,2.38,18.88,0.07,0.01,0.16,113.0023,
2021-03-23,2.48,2.29,2.1,0.01,0.15,0.83,1.63,2.34,20.3,0.07,0.01,0.19,113.2916,
2021-03-24,2.53,2.31,2.09,0.02,0.14,0.83,1.62,2.31,21.2,0.07,0.01,0.18,113.6565,
2021-03-25,2.54,2.32,2.1,0.02,0.14,0.82,1.63,2.34,19.81,0.07,0.01,0.17,114.0016,
2021-03-26,2.57,2.34,2.11,0.02,0.14,0.85,1.67,2.37,18.86,0.07,0.01,0.18,113.7406,
2021-03-29,2.56,2.36,2.16,0.03,0.14,0.89,1.73,2.43,20.74,0.07,0.01,0.17,113.9314,
2021-03-30,2.52,2.35,2.18,0.02,0.16,0.9,1.73,2.38,19.61,0.07,0.01,0.18,114.203,
2021-03-31,2.54,2.37,2.2,0.03,0.16,0.92,1.74,2.41,19.4,0.06,0.01,0.16,113.8234,
2021-04-01,2.55,2.35,2.15,0.02,0.17,0.9,1.69,2.34,17.33,0.07,0.01,0.18,113.7389,
2021-04-02,2.58,2.36,2.14,0.02,0.19,0.97,1.72,2.35,17.33,0.07,0.01,0.18,113.7315,
2021-04-05,2.55,2.35,2.15,0.03,0.17,0.94,1.73,2.36,17.91,0.07,0.01,0.18,113.394,
2021-04-06,2.52,2.32,2.12,0.02,0.16,0.88,1.67,2.32,18.12,0.07,0.01,0.18,113.1464,
2021-04-07,2.53,2.34,2.15,0.02,0.16,0.87,1.68,2.35,17.16,0.07,0.01,0.17,113.2436,
2021-04-08,2.55,2.33,2.11,0.01,0.14,0.85,1.64,2.32,16.95,0.07,0.01,0.18,113.0917,
2021-04-09,2.51,2.31,2.11,0.02,0.16,0.87,1.67,2.34,16.69,0.07,0.01,0.17,113.2028,
2021-04-12,2.52,2.33,2.14,0.02,0.18,0.89,1.69,2.34,16.91,0.07,0.01,0.17,113.1815,
2021-04-13,2.54,2.33,2.12,0.03,0.16,0.85,1.64,2.32,16.65,0.07,0.01,0.15,113.0391,
2021-04-14,2.56,2.33,2.1,0.02,0.16,0.87,1.64,2.32,16.99,0.07,0.01,0.16,112.7849,
2021-04-15,2.55,2.33,2.11,0.02,0.16,0.81,1.56,2.23,16.57,0.07,0.01,0.17,112.6181,
2021-04-16,2.57,2.36,2.15,0.02,0.16,0.84,1.59,2.26,16.25,0.07,0.01,0.17,112.4814,
2021-04-19,2.56,2.34,2.12,0.02,0.16,0.85,1.61,2.29,17.29,0.07,0.01,0.17,112.1835,
2021-04-20,2.52,2.32,2.12,0.03,0.15,0.81,1.58,2.27,18.68,0.07,0.01,0.15,112.2354,
2021-04-21,2.53,2.33,2.13,0.03,0.15,0.81,1.57,2.26,17.5,0.07,0.01,0.14,112.1771,
2021-04-22,2.42,2.33,2.24,0.03,0.16,0.81,1.57,2.24,18.71,0.07,0.01,0.15,112.2297,
2021-04-23,2.44,2.34,2.24,0.03,0.16,0.83,1.58,2.25,17.33,0.07,0.01,0.15,112.0889,
2021-04-26,2.47,2.36,2.25,0.03,0.18,0.85,1.58,2.24,17.64,0.07,0.01,0.15,111.8109,
2021-04-27,2.51,2.39,2.27,0.01,0.17,0.88,1.63,2.29,17.56,0.07,0.01,0.17,111.9097,
2021-04-28,2.54,2.41,2.28,0.01,0.17,0.86,1.63,2.29,17.28,0.07,0.01,0.18,111.7909,
2021-04-29,2.56,2.42,2.28,0.01,0.16,0.86,1.65,2.31,17.61,0.06,0.01,0.17,111.7464,
2021-04-30,2.57,2.41,2.25,0.01,0.16,0.86,1.65,2.3,18.61,0.05,0.01,0.17,112.0839,
2021-05-03,2.6,2.42,2.24,0.04,0.16,0.84,1.63,2.3,18.31,0.06,0.01,0.17,112.005,
2021-05-04,2.62,2.42,2.22,0.02,0.16,0.82,1.61,2.27,19.48,0.06,0.01,0.16,112.2896,
2021-05-05,2.68,2.47,2.26,0.02,0.16,0.8,1.59,2.25,19.15,0.06,0.01,0.15,112.1514,
2021-05-06,2.66,2.45,2.24,0.02,0.16,0.81,1.58,2.24,18.39,0.06,0.01,0.14,111.8401,
2021-05-07,2.65,2.49,2.33,0.02,0.14,0.77,1.6,2.28,16.69,0.06,0.01,0.14,111.0249,
2021-05-10,2.71,2.54,2.37,0.02,0.16,0.8,1.63,2.32,19.66,0.06,0.01,0.15,110.7905,
2021-05-11,2.68,2.53,2.38,0.01,0.16,0.8,1.64,2.35,21.84,0.06,0.01,0.15,110.8921,
2021-05-12,2.72,2.54,2.36,0.02,0.16,0.87,1.69,2.4,27.59,0.06,0.01,0.13,111.5636,
2021-05-13,2.65,2.51,2.37,0.02,0.16,0.84,1.66,2.39,23.13,0.06,0.01,0.14,111.5955,
2021-05-14,2.68,2.51,2.34,0.01,0.16,0.82,1.63,2.35,18.81,0.06,0.01,0.15,111.1353,
2021-05-17,2.72,2.54,2.36,0.02,0.16,0.84,1.64,2.36,19.72,0.06,0.01,0.13,111.079,
2021-05-18,2.72,2.52,2.32,0.02,0.16,0.83,1.64,2.37,21.34,0.06,0.01,0.14,110.8317,
2021-05-19,2.66,2.48,2.3,0.01,0.16,0.87,1.68,2.38,22.18,0.06,0.01,0.14,110.8807,
2021-05-20,2.59,2.41,2.23,0.01,0.15,0.83,1.63,2.34,20.67,0.06,0.01,0.14,110.8605,
2021-05-21,2.62,2.43,2.24,0.01,0.17,0.84,1.63,2.33,20.15,0.06,0.01,0.14,111.0576,
2021-05-24,2.64,2.44,2.24,0.02,0.15,0.82,1.61,2.31,18.4,0.06,0.01,0.12,110.9118,
2021-05-25,2.63,2.42,2.21,0.02,0.15,0.79,1.56,2.26,18.84,0.06,0.01,0.12,110.842,
2021-05-26,2.6,2.4,2.2,0.02,0.14,0.8,1.58,2.27,17.36,0.06,0.01,0.12,110.8677,
2021-05-27,2.59,2.42,2.25,0.02,0.14,0.81,1.61,2.29,16.74,0.06,0.01,0.11,110.8688,
2021-05-28,2.57,2.42,2.27,0.01,0.14,0.79,1.58,2.26,16.76,0.05,0.01,0.12,110.7576,
2021-05-31,2.57,2.42,2.27,0.01,0.14,0.79,1.58,2.26,16.76,0.05,0.01,0.12,110.7576,
2021-06-01,2.6,2.46,2.32,0.02,0.16,0.81,1.62,2.3,17.9,0.06,0.01,0.11,110.5046,
2021-06-02,2.59,2.44,2.29,0.02,0.13,0.8,1.59,2.28,17.48,0.06,0.01,0.11,110.5799,
2021-06-03,2.56,2.42,2.28,0.02,0.16,0.84,1.63,2.3,18.04,0.06,0.01,0.11,111.1782,
2021-06-04,2.54,2.4,2.26,0.02,0.14,0.78,1.56,2.24,16.42,0.06,0.01,0.11,110.7521,
2021-06-07,2.51,2.39,2.27,0.02,0.16,0.79,1.57,2.25,16.42,0.06,0.01,0.1,110.5155,
2021-06-08,2.47,2.36,2.25,0.02,0.14,0.77,1.53,2.21,17.07,0.06,0.01,0.11,110.649,
2021-06-09,2.41,2.32,2.23,0.03,0.16,0.75,1.5,2.17,17.89,0.06,0.01,0.09,110.5707,
2021-06-10,2.47,2.35,2.23,0.03,0.14,0.73,1.45,2.15,16.1,0.06,0.01,0.09,110.5456,
2021-06-11,2.43,2.32,2.21,0.03,0.16,0.76,1.47,2.15,15.65,0.06,0.01,0.09,111.0933,
2021-06-14,2.44,2.36,2.28,0.03,0.16,0.8,1.51,2.19,16.39,0.06,0.01,0.09,110.9659,
2021-06-15,2.46,2.38,2.3,0.03,0.16,0.79,1.51,2.2,17.02,0.06,0.01,0.09,111.3507,
2021-06-16,2.41,2.32,2.23,0.04,0.21,0.89,1.57,2.2,18.15,0.06,0.01,0.08,111.1165,
2021-06-17,2.31,2.27,2.23,0.04,0.23,0.9,1.52,2.11,17.75,0.1,0.05,0.09,112.5772,
2021-06-18,2.37,2.24,2.11,0.05,0.26,0.89,1.45,2.01,20.7,0.1,0.05,0.08,113.0408,
2021-06-21,2.41,2.25,2.09,0.05,0.27,0.9,1.5,2.11,17.89,0.1,0.05,0.09,112.8391,
2021-06-22,2.46,2.31,2.16,0.04,0.25,0.87,1.48,2.1,16.66,0.1,0.05,0.09,112.9174,
2021-06-23,2.49,2.34,2.19,0.05,0.26,0.9,1.5,2.11,16.32,0.1,0.05,0.1,112.3819,
2021-06-24,2.45,2.3,2.15,0.05,0.26,0.9,1.49,2.1,15.97,0.1,0.05,0.1,112.326,
2021-06-25,2.46,2.34,2.22,0.06,0.28,0.92,1.54,2.16,15.62,0.1,0.05,0.09,111.9655,
2021-06-28,2.45,2.33,2.21,0.05,0.25,0.9,1.49,2.1,15.76,0.1,0.05,0.1,112.0248,
2021-06-29,2.46,2.32,2.18,0.04,0.27,0.89,1.49,2.1,16.02,0.1,0.05,0.1,112.2613,
2021-06-30,2.47,2.32,2.17,0.05,0.25,0.87,1.45,2.06,15.83,0.08,0.05,0.1,112.5533,
2021-07-01,2.49,2.35,2.21,0.05,0.25,0.89,1.48,2.07,15.48,0.1,0.05,0.09,112.74,
2021-07-02,2.49,2.33,2.17,0.05,0.24,0.86,1.44,2.05,15.07,0.1,0.05,0.09,112.5425,
2021-07-05,2.49,2.33,2.17,0.05,0.24,0.86,1.44,2.05,15.07,0.1,0.05,0.09,112.5425,
2021-07-06,2.48,2.31,2.14,0.05,0.22,0.81,1.37,2.0,16.44,0.1,0.05,0.08,112.9516,
2021-07-07,2.43,2.28,2.13,0.05,0.22,0.79,1.33,1.94,16.2,0.1,0.05,0.07,113.1048,
2021-07-08,2.38,2.22,2.06,0.06,0.19,0.74,1.3,1.91,19.0,0.1,0.05,0.06,113.0776,
2021-07-09,2.44,2.28,2.12,0.06,0.23,0.79,1.37,1.99,16.18,0.1,0.05,0.07,112.8375,
2021-07-12,2.48,2.33,2.18,0.05,0.23,0.81,1.38,2.0,16.17,0.1,0.05,0.08,112.7611,
2021-07-13,2.56,2.36,2.16,0.05,0.26,0.85,1.42,2.04,17.12,0.1,0.05,0.08,113.0063,
2021-07-14,2.53,2.34,2.15,0.06,0.23,0.8,1.37,1.98,16.33,0.1,0.05,0.07,112.8801,
2021-07-15,2.53,2.32,2.11,0.05,0.23,0.78,1.31,1.92,17.01,0.1,0.05,0.08,113.0041,
2021-07-16,2.52,2.33,2.14,0.05,0.25,0.79,1.31,1.93,18.45,0.1,0.05,0.08,113.0428,
2021-07-19,2.41,2.24,2.07,0.05,0.21,0.7,1.19,1.81,22.5,0.1,0.05,0.08,113.5472,
2021-07-20,2.4,2.26,2.12,0.05,0.2,0.69,1.23,1.88,19.73,0.1,0.05,0.09,113.7502,
2021-07-21,2.45,2.28,2.11,0.05,0.22,0.74,1.3,1.94,17.91,0.1,0.05,0.09,113.3926,
2021-07-22,2.46,2.28,2.1,0.05,0.2,0.71,1.27,1.9,17.69,0.1,0.05,0.08,113.4695,
2021-07-23,2.53,2.35,2.17,0.05,0.22,0.72,1.3,1.92,17.2,0.1,0.05,0.08,113.4398,
2021-07-26,2.59,2.4,2.21,0.05,0.22,0.73,1.29,1.93,17.58,0.1,0.05,0.08,113.2238,
2021-07-27,2.55,2.38,2.21,0.05,0.2,0.71,1.25,1.89,19.36,0.1,0.05,0.08,113.2227,
2021-07-28,2.57,2.41,2.25,0.05,0.2,0.72,1.26,1.9,18.31,0.1,0.05,0.08,113.1807,
2021-07-29,2.58,2.43,2.28,0.06,0.2,0.73,1.28,1.91,17.7,0.1,0.05,0.07,112.4834,
2021-07-30,2.56,2.4,2.24,0.06,0.19,0.69,1.24,1.89,18.24,0.07,0.05,0.06,112.6714,
2021-08-02,2.51,2.37,2.23,0.05,0.17,0.66,1.2,1.86,19.46,0.1,0.05,0.07,112.6691,
2021-08-03,2.51,2.38,2.25,0.05,0.17,0.65,1.19,1.85,18.04,0.1,0.05,0.07,112.8228,
2021-08-04,2.5,2.35,2.2,0.05,0.17,0.67,1.19,1.83,17.97,0.1,0.05,0.07,112.8953,
2021-08-05,2.46,2.33,2.2,0.05,0.21,0.72,1.23,1.86,17.28,0.1,0.05,0.08,112.7674,
2021-08-06,2.5,2.37,2.24,0.06,0.21,0.77,1.31,1.94,16.15,0.1,0.05,0.07,113.3088,
2021-08-09,2.5,2.37,2.24,0.06,0.23,0.79,1.33,1.96,16.72,0.1,0.05,0.07,113.4521,
2021-08-10,2.53,2.4,2.27,0.05,0.24,0.82,1.36,1.99,16.79,0.1,0.05,0.07,113.4973,
2021-08-11,2.55,2.42,2.29,0.05,0.23,0.81,1.35,1.99,16.06,0.1,0.05,0.07,113.282,
2021-08-12,2.55,2.41,2.27,0.06,0.23,0.83,1.36,2.03,15.59,0.1,0.05,0.06,113.2691,
2021-08-13,2.52,2.37,2.22,0.06,0.23,0.79,1.29,1.94,15.45,0.1,0.05,0.06,113.0615,
2021-08-16,2.5,2.36,2.22,0.06,0.21,0.75,1.26,1.92,16.12,0.1,0.05,0.06,113.1698,
2021-08-17,2.49,2.33,2.17,0.07,0.23,0.77,1.26,1.92,17.91,0.1,0.05,0.06,113.6174,
2021-08-18,2.48,2.32,2.16,0.07,0.23,0.79,1.27,1.91,21.57,0.09,0.05,0.06,113.6959,
2021-08-19,2.45,2.28,2.11,0.06,0.22,0.78,1.24,1.88,21.67,0.09,0.05,0.07,114.1106,
2021-08-20,2.4,2.27,2.14,0.05,0.23,0.8,1.26,1.87,18.56,0.09,0.05,0.08,114.5009,
2021-08-23,2.43,2.27,2.11,0.05,0.23,0.78,1.25,1.87,17.15,0.09,0.05,0.08,113.9418,
2021-08-24,2.45,2.3,2.15,0.05,0.24,0.8,1.29,1.91,17.22,0.09,0.05,0.07,113.6795,
2021-08-25,2.51,2.35,2.19,0.06,0.23,0.84,1.35,1.96,16.79,0.09,0.05,0.06,113.6322,
2021-08-26,2.5,2.33,2.16,0.05,0.25,0.84,1.34,1.94,18.84,0.09,0.05,0.07,113.7883,
2021-08-27,2.53,2.39,2.25,0.05,0.22,0.79,1.31,1.91,16.39,0.08,0.05,0.07,113.3404,
2021-08-30,2.51,2.37,2.23,0.05,0.2,0.77,1.29,1.9,16.19,0.08,0.05,0.07,113.246,
2021-08-31,2.48,2.33,2.18,0.04,0.2,0.77,1.3,1.92,16.48,0.06,0.05,0.08,113.1076,
2021-09-01,2.48,2.34,2.2,0.05,0.2,0.78,1.31,1.92,16.11,0.08,0.05,0.07,112.8732,
2021-09-02,2.47,2.32,2.17,0.05,0.2,0.78,1.29,1.9,16.41,0.08,0.05,0.07,112.7863,
2021-09-03,2.48,2.34,2.2,0.05,0.21,0.78,1.33,1.94,16.41,0.08,0.05,0.07,112.5476,
2021-09-06,2.48,2.34,2.2,0.05,0.21,0.78,1.33,1.94,16.41,0.08,0.05,0.07,112.5476,
2021-09-07,2.51,2.36,2.21,0.05,0.22,0.82,1.38,1.99,18.14,0.08,0.05,0.07,112.9795,
2021-09-08,2.53,2.38,2.23,0.05,0.22,0.81,1.35,1.95,17.96,0.08,0.05,0.07,113.2319,
2021-09-09,2.55,2.38,2.21,0.04,0.23,0.79,1.3,1.9,18.8,0.08,0.05,0.07,113.043,
2021-09-10,2.55,2.4,2.25,0.05,0.23,0.82,1.35,1.94,20.95,0.08,0.05,0.07,112.9425,
2021-09-13,2.53,2.37,2.21,0.06,0.21,0.81,1.33,1.91,19.37,0.08,0.05,0.06,113.0341,
2021-09-14,2.49,2.33,2.17,0.04,0.21,0.79,1.28,1.85,19.46,0.08,0.05,0.08,113.0061,
2021-09-15,2.51,2.35,2.19,0.04,0.21,0.81,1.31,1.87,18.18,0.08,0.05,0.08,112.9773,
2021-09-16,2.53,2.35,2.17,0.04,0.23,0.84,1.34,1.88,18.69,0.08,0.05,0.08,113.3036,
2021-09-17,2.51,2.33,2.15,0.04,0.23,0.88,1.37,1.91,20.81,0.08,0.05,0.08,113.5989,
2021-09-20,2.43,2.29,2.15,0.04,0.23,0.83,1.31,1.85,25.71,0.08,0.05,0.09,113.9422,
2021-09-21,2.44,2.29,2.14,0.03,0.22,0.84,1.33,1.86,24.36,0.08,0.05,0.1,113.8179,
2021-09-22,2.41,2.28,2.15,0.03,0.25,0.86,1.32,1.84,20.87,0.08,0.05,0.1,113.6223,
2021-09-23,2.48,2.31,2.14,0.03,0.27,0.94,1.41,1.92,18.63,0.08,0.05,0.1,113.513,
2021-09-24,2.47,2.34,2.21,0.03,0.29,0.97,1.47,1.99,17.75,0.08,0.05,0.1,113.7597,
2021-09-27,2.5,2.35,2.2,0.04,0.31,0.98,1.48,1.99,18.76,0.08,0.05,0.09,113.7432,
2021-09-28,2.53,2.38,2.23,0.04,0.31,1.02,1.54,2.07,23.25,0.08,0.05,0.09,114.2469,
2021-09-29,2.52,2.37,2.22,0.04,0.3,1.01,1.55,2.09,22.56,0.08,0.05,0.09,114.7092,
2021-09-30,2.51,2.37,2.23,0.04,0.28,0.98,1.52,2.08,23.14,0.06,0.05,0.09,114.6403,
2021-10-01,2.51,2.38,2.25,0.04,0.27,0.93,1.48,2.04,21.15,0.08,0.05,0.09,114.3798,
2021-10-04,2.53,2.38,2.23,0.04,0.27,0.95,1.49,2.05,22.96,0.08,0.05,0.09,114.2739,
2021-10-05,2.59,2.45,2.31,0.04,0.28,0.98,1.54,2.1,21.3,0.08,0.05,0.08,114.3654,
2021-10-06,2.57,2.43,2.29,0.04,0.3,0.99,1.53,2.08,21.0,0.08,0.05,0.08,114.7185,
2021-10-07,2.61,2.46,2.31,0.05,0.32,1.02,1.58,2.13,19.54,0.08,0.05,0.07,114.5044,
2021-10-08,2.64,2.5,2.36,0.05,0.32,1.05,1.61,2.16,18.77,0.08,0.05,0.07,114.5986,
2021-10-11,2.64,2.5,2.36,0.05,0.32,1.05,1.61,2.16,20.0,0.08,0.05,0.07,114.5986,
2021-10-12,2.64,2.49,2.34,0.06,0.35,1.08,1.59,2.1,19.85,0.08,0.05,0.07,114.7542,
2021-10-13,2.68,2.52,2.36,0.05,0.37,1.09,1.56,2.05,18.64,0.08,0.05,0.07,114.4705,
2021-10-14,2.69,2.52,2.35,0.05,0.36,1.05,1.52,2.02,16.86,0.08,0.05,0.07,114.2053,
2021-10-15,2.71,2.56,2.41,0.05,0.41,1.13,1.59,2.05,16.3,0.08,0.05,0.07,114.0905,
2021-10-18,2.71,2.54,2.37,0.06,0.44,1.16,1.59,2.01,16.31,0.08,0.05,0.07,113.9899,
2021-10-19,2.71,2.54,2.37,0.05,0.41,1.17,1.65,2.09,15.7,0.08,0.03,0.08,113.647,
2021-10-20,2.77,2.57,2.37,0.05,0.4,1.16,1.65,2.12,15.49,0.08,0.03,0.08,113.5083,
2021-10-21,2.94,2.64,2.34,0.06,0.45,1.23,1.68,2.13,15.01,0.08,0.03,0.06,113.6188,
2021-10-22,2.91,2.64,2.37,0.06,0.48,1.22,1.66,2.08,15.43,0.08,0.05,0.06,113.67,
2021-10-25,2.95,2.66,2.37,0.06,0.47,1.19,1.64,2.09,15.24,0.08,0.04,0.07,113.605,
2021-10-26,2.99,2.69,2.39,0.06,0.47,1.2,1.63,2.05,15.98,0.08,0.05,0.08,113.674,
2021-10-27,2.96,2.65,2.34,0.06,0.5,1.16,1.54,1.95,16.98,0.08,0.05,0.07,113.6218,
2021-10-28,2.9,2.57,2.24,0.06,0.5,1.18,1.57,1.96,16.53,0.08,0.05,0.07,113.4389,
2021-10-29,2.89,2.51,2.13,0.05,0.48,1.18,1.55,1.93,16.26,0.07,0.05,0.08,114.1349,
2021-11-01,2.86,2.5,2.14,0.05,0.5,1.2,1.58,1.98,16.41,0.08,0.05,0.09,114.2067,
2021-11-02,2.84,2.51,2.18,0.05,0.46,1.15,1.56,1.96,16.03,0.08,0.05,0.1,114.2847,
2021-11-03,2.86,2.53,2.2,0.05,0.47,1.19,1.6,2.0,15.1,0.08,0.05,0.09,114.3593,
2021-11-04,2.88,2.56,2.24,0.04,0.41,1.1,1.53,1.96,15.44,0.08,0.05,0.1,114.3558,
2021-11-05,2.87,2.54,2.21,0.05,0.39,1.04,1.45,1.87,16.48,0.08,0.05,0.09,114.0732,
2021-11-08,2.94,2.62,2.3,0.06,0.45,1.13,1.51,1.89,17.22,0.08,0.05,0.09,113.8256,
2021-11-09,2.96,2.63,2.3,0.04,0.41,1.08,1.46,1.83,17.78,0.08,0.05,0.11,113.762,
2021-11-10,3.08,2.7,2.32,0.05,0.51,1.23,1.56,1.92,18.73,0.08,0.05,0.1,114.1484,
2021-11-11,3.08,2.7,2.32,0.05,0.51,1.23,1.56,1.92,17.66,0.08,0.05,0.1,114.1484,
2021-11-12,3.11,2.73,2.35,0.05,0.53,1.24,1.58,1.95,16.29,0.08,0.05,0.11,114.5144,
2021-11-15,3.17,2.76,2.35,0.05,0.53,1.26,1.63,2.01,16.49,0.08,0.05,0.11,114.5876,
2021-11-16,3.17,2.73,2.29,0.05,0.54,1.27,1.63,2.02,16.37,0.08,0.05,0.11,115.136,
2021-11-17,3.14,2.7,2.26,0.05,0.52,1.24,1.6,2.0,17.11,0.08,0.05,0.11,115.0263,
2021-11-18,3.11,2.73,2.35,0.05,0.52,1.22,1.59,1.97,17.59,0.08,0.05,0.11,115.0678,
2021-11-19,3.02,2.65,2.28,0.05,0.52,1.22,1.54,1.91,17.91,0.08,0.05,0.11,115.2187,
2021-11-22,2.98,2.61,2.24,0.05,0.63,1.33,1.63,1.98,19.17,0.08,0.05,0.12,115.6481,
2021-11-23,3.0,2.62,2.24,0.06,0.6,1.33,1.67,2.02,19.38,0.08,0.05,0.12,116.0118,
2021-11-24,3.03,2.61,2.19,0.06,0.64,1.34,1.64,1.96,18.58,0.08,0.05,0.12,116.2711,
2021-11-25,3.03,2.61,2.19,0.06,0.64,1.34,1.64,1.96,18.58,0.08,0.05,0.12,116.2711,
2021-11-26,2.92,2.55,2.18,0.06,0.5,1.16,1.48,1.83,28.62,0.08,0.05,0.12,116.5103,
2021-11-29,2.91,2.54,2.17,0.06,0.51,1.18,1.52,1.87,22.96,0.08,0.05,0.11,116.581,
2021-11-30,2.8,2.5,2.2,0.05,0.52,1.14,1.43,1.78,27.19,0.07,0.05,0.12,116.2071,
2021-12-01,2.7,2.44,2.18,0.06,0.56,1.15,1.43,1.77,31.12,0.08,0.05,0.11,115.889,
2021-12-02,2.73,2.47,2.21,0.05,0.63,1.21,1.44,1.76,27.95,0.08,0.05,0.13,116.018,
2021-12-03,2.72,2.43,2.14,0.06,0.6,1.13,1.35,1.69,30.67,0.08,0.05,0.13,116.2377,
2021-12-06,2.79,2.44,2.09,0.05,0.65,1.21,1.43,1.75,27.18,0.08,0.05,0.13,116.1538,
2021-12-07,2.84,2.47,2.1,0.06,0.7,1.26,1.48,1.8,21.89,0.08,0.05,0.14,115.8555,
2021-12-08,2.88,2.52,2.16,0.07,0.68,1.27,1.52,1.87,19.9,0.08,0.05,0.13,115.4418,
2021-12-09,2.8,2.47,2.14,0.06,0.7,1.26,1.49,1.87,21.58,0.08,0.05,0.14,115.7784,
2021-12-10,2.76,2.44,2.12,0.06,0.67,1.25,1.48,1.88,18.69,0.08,0.05,0.14,115.5732,
2021-12-13,2.73,2.4,2.07,0.05,0.66,1.21,1.42,1.81,20.31,0.08,0.05,0.15,115.842,
2021-12-14,2.66,2.37,2.08,0.05,0.67,1.23,1.44,1.82,21.89,0.08,0.05,0.16,116.2397,
2021-12-15,2.67,2.39,2.11,0.05,0.69,1.26,1.47,1.86,19.29,0.08,0.05,0.16,116.4219,
2021-12-16,2.7,2.42,2.14,0.05,0.64,1.19,1.44,1.87,20.57,0.08,0.05,0.16,115.7146,
2021-12-17,2.65,2.38,2.11,0.05,0.66,1.18,1.41,1.82,21.57,0.08,0.05,0.16,115.791,
2021-12-20,2.65,2.39,2.13,0.07,0.65,1.17,1.43,1.85,22.87,0.08,0.04,0.14,116.0092,
2021-12-21,2.69,2.44,2.19,0.07,0.7,1.24,1.48,1.89,21.01,0.08,0.05,0.15,116.1089,
2021-12-22,2.7,2.47,2.24,0.08,0.68,1.23,1.46,1.86,18.63,0.08,0.05,0.13,115.7485,
2021-12-23,2.72,2.47,2.22,0.07,0.71,1.25,1.5,1.91,17.96,0.08,0.05,0.14,115.5337,
2021-12-24,2.72,2.47,2.22,0.07,0.71,1.25,1.5,1.91,17.96,0.08,0.05,0.14,115.5337,
2021-12-27,2.75,2.5,2.25,0.06,0.76,1.26,1.48,1.88,17.68,0.08,0.05,0.14,115.4684,
2021-12-28,2.78,2.5,2.22,0.06,0.74,1.27,1.49,1.9,17.54,0.08,0.05,0.14,115.4192,
2021-12-29,2.83,2.53,2.23,0.05,0.75,1.29,1.55,1.96,16.95,0.08,0.05,0.17,115.3678,
2021-12-30,2.86,2.58,2.3,0.05,0.73,1.27,1.52,1.93,17.33,0.08,0.05,0.16,115.283,
2021-12-31,2.87,2.56,2.25,0.06,0.73,1.26,1.52,1.9,17.22,0.07,0.05,0.15,115.283,
2022-01-03,2.95,2.6,2.25,0.08,0.78,1.37,1.63,2.01,16.6,0.08,0.05,0.15,115.4101,
2022-01-04,2.93,2.57,2.21,0.08,0.77,1.37,1.66,2.07,16.91,0.08,0.05,0.14,115.3103,
2022-01-05,2.87,2.53,2.19,0.09,0.83,1.43,1.71,2.09,19.73,0.08,0.05,0.14,115.137,
2022-01-06,2.77,2.46,2.15,0.1,0.88,1.47,1.73,2.09,19.61,0.08,0.05,0.13,115.4046,
2022-01-07,2.78,2.48,2.18,0.1,0.87,1.5,1.76,2.11,18.76,0.08,0.05,0.14,115.0451,
2022-01-10,2.77,2.48,2.19,0.13,0.92,1.53,1.78,2.11,19.4,0.08,0.05,0.11,115.2216,
2022-01-11,2.87,2.54,2.21,0.11,0.9,1.51,1.75,2.08,18.41,0.08,0.05,0.12,114.8332,
2022-01-12,2.82,2.48,2.14,0.12,0.92,1.5,1.74,2.08,17.62,0.08,0.05,0.12,114.355,
2022-01-13,2.77,2.43,2.09,0.12,0.91,1.47,1.7,2.05,20.31,0.08,0.05,0.12,114.177,
2022-01-14,2.79,2.44,2.09,0.13,0.99,1.55,1.78,2.12,19.19,0.08,0.05,0.11,114.3825,
2022-01-17,2.79,2.44,2.09,0.13,0.99,1.55,1.78,2.12,19.19,0.08,0.05,0.11,114.3825,
2022-01-18,2.8,2.46,2.12,0.16,1.06,1.65,1.87,2.18,22.79,0.08,0.05,0.08,114.7373,
2022-01-19,2.73,2.4,2.07,0.17,1.04,1.62,1.83,2.14,23.85,0.08,0.05,0.09,114.6109,
2022-01-20,2.74,2.33,1.92,0.17,1.08,1.62,1.83,2.14,25.59,0.08,0.04,0.08,114.4642,
2022-01-21,2.7,2.34,1.98,0.17,1.01,1.54,1.75,2.07,28.85,0.08,0.05,0.09,114.6125,
2022-01-24,2.74,2.38,2.02,0.19,0.99,1.53,1.75,2.1,29.9,0.08,0.04,0.09,115.2034,
2022-01-25,2.78,2.41,2.04,0.19,1.02,1.56,1.78,2.12,31.16,0.08,0.05,0.09,115.1654,
2022-01-26,2.75,2.38,2.01,0.19,1.13,1.66,1.85,2.16,31.96,0.08,0.04,0.09,115.0922,
2022-01-27,2.76,2.4,2.04,0.2,1.18,1.66,1.81,2.09,30.49,0.08,0.04,0.09,115.978,
2022-01-28,2.8,2.44,2.08,0.19,1.15,1.61,1.78,2.07,27.66,0.08,0.05,0.09,116.0393,
2022-01-31,2.82,2.44,2.06,0.22,1.18,1.62,1.79,2.11,24.83,0.08,0.05,,115.566,
2022-02-01,2.8,2.43,2.06,0.19,1.18,1.63,1.81,2.12,21.96,0.08,0.05,,115.3685,
2022-02-02,2.79,2.41,2.03,0.19,1.16,1.6,1.78,2.11,22.09,0.08,0.05,,115.1538,
2022-02-03,2.76,2.38,2.0,0.2,1.19,1.66,1.82,2.14,24.35,0.08,0.05,,114.9065,
2022-02-04,2.78,2.41,2.04,0.23,1.31,1.78,1.93,2.23,23.22,0.08,0.05,,115.1362,
2022-02-07,2.75,2.4,2.05,0.27,1.3,1.76,1.92,2.22,22.86,0.08,0.05,,115.0098,
2022-02-08,2.77,2.42,2.07,0.25,1.35,1.81,1.96,2.25,21.44,0.08,0.05,,115.0892,
2022-02-09,2.78,2.42,2.06,0.26,1.36,1.82,1.94,2.25,19.96,0.08,0.04,,114.8232,
2022-02-10,2.81,2.45,2.09,0.4,1.61,1.96,2.03,2.3,23.91,0.08,0.05,,114.5527,
2022-02-11,2.82,2.43,2.04,0.36,1.5,1.84,1.92,2.24,27.36,0.08,0.05,,114.8413,
2022-02-14,2.91,2.48,2.05,0.43,1.58,1.9,1.98,2.29,28.33,0.08,0.05,,115.1946,
2022-02-15,2.89,2.48,2.07,0.4,1.58,1.94,2.05,2.37,25.7,0.08,0.05,,114.93,
2022-02-16,2.87,2.46,2.05,0.38,1.52,1.9,2.03,2.34,24.29,0.08,0.05,,114.6886,
2022-02-17,2.87,2.43,1.99,0.36,1.49,1.85,1.97,2.31,28.11,0.08,0.05,,114.6755,
2022-02-18,2.86,2.41,1.96,0.35,1.47,1.82,1.92,2.24,27.75,0.08,0.05,,114.7982,
2022-02-21,2.86,2.41,1.96,0.35,1.47,1.82,1.92,2.24,27.75,0.08,0.05,,114.7982,
2022-02-22,2.89,2.45,2.01,0.37,1.56,1.85,1.94,2.24,28.81,0.08,0.05,,114.7002,
2022-02-23,3.01,2.53,2.05,0.34,1.58,1.89,1.99,2.29,31.02,0.08,0.05,,114.6668,
2022-02-24,3.05,2.55,2.05,0.32,1.54,1.84,1.96,2.28,30.32,0.08,0.05,,115.9419,
2022-02-25,3.02,2.54,2.06,0.33,1.55,1.86,1.97,2.29,27.59,0.08,0.05,,115.2577,
2022-02-28,3.11,2.62,2.13,0.35,1.44,1.71,1.83,2.17,30.15,0.08,0.05,,115.2224,
2022-03-01,3.14,2.62,2.1,0.32,1.31,1.56,1.72,2.11,33.32,0.08,0.05,,115.7962,
2022-03-02,3.23,2.71,2.19,0.34,1.5,1.74,1.86,2.24,30.74,0.08,0.05,,115.7623,
2022-03-03,3.17,2.69,2.21,0.38,1.53,1.74,1.86,2.24,30.48,0.08,0.05,,115.9495,
2022-03-04,3.19,2.67,2.15,0.34,1.5,1.65,1.74,2.16,31.98,0.08,0.05,,116.6503,
2022-03-07,3.29,2.77,2.25,0.38,1.55,1.71,1.78,2.19,36.45,0.08,0.05,,117.3278,
2022-03-08,3.43,2.9,2.37,0.36,1.63,1.8,1.86,2.24,35.13,0.08,0.05,,117.6176,
2022-03-09,3.33,2.84,2.35,0.38,1.68,1.87,1.94,2.29,32.45,0.08,0.05,,116.5961,
2022-03-10,3.42,2.86,2.3,0.39,1.72,1.92,1.98,2.38,30.23,0.08,0.05,,116.7401,
2022-03-11,3.52,2.94,2.36,0.4,1.75,1.96,2.0,2.36,30.75,0.08,0.05,,117.0192,
2022-03-14,3.5,2.93,2.36,0.45,1.87,2.1,2.14,2.47,31.77,0.08,0.05,,117.1506,
2022-03-15,3.42,2.84,2.26,0.46,1.85,2.1,2.15,2.49,29.83,0.08,0.05,,117.246,
2022-03-16,3.34,2.8,2.26,0.44,1.95,2.18,2.19,2.46,26.67,0.08,0.05,,116.8073,
2022-03-17,3.51,2.91,2.31,0.4,1.94,2.17,2.2,2.5,25.67,0.33,0.3,,116.0467,
2022-03-18,3.48,2.86,2.24,0.42,1.97,2.14,2.14,2.42,23.87,0.33,0.3,,116.1378,
2022-03-21,3.52,2.9,2.28,0.54,2.14,2.33,2.32,2.55,23.53,0.33,0.29,,115.9398,
2022-03-22,3.52,2.91,2.3,0.51,2.18,2.39,2.38,2.6,22.94,0.33,0.28,,116.0824,
2022-03-23,3.57,2.94,2.31,0.5,2.13,2.34,2.32,2.52,23.57,0.33,0.27,,116.005,
2022-03-24,3.57,2.92,2.27,0.52,2.13,2.37,2.34,2.51,21.67,0.33,0.27,,115.9599,
2022-03-25,3.59,2.95,2.31,0.55,2.3,2.55,2.48,2.6,20.81,0.33,0.28,,115.7921,
2022-03-28,3.56,2.95,2.34,0.59,2.35,2.54,2.46,2.57,19.63,0.33,0.28,,116.1911,
2022-03-29,3.4,2.86,2.32,0.55,2.35,2.49,2.41,2.53,18.9,0.33,0.28,,115.5679,
2022-03-30,3.41,2.86,2.31,0.55,2.31,2.44,2.35,2.48,19.33,0.33,0.27,,115.0818,
2022-03-31,3.34,2.84,2.34,0.52,2.28,2.42,2.32,2.44,20.56,0.33,0.29,,115.2218,
2022-04-01,3.28,2.8,2.32,0.53,2.44,2.55,2.39,2.44,19.63,0.33,0.3,,115.4814,
2022-04-04,3.28,2.8,2.32,0.66,2.43,2.56,2.42,2.48,18.57,0.33,0.3,,115.4112,
2022-04-05,3.31,2.84,2.37,0.65,2.51,2.69,2.54,2.57,21.03,0.33,0.3,,115.73,
2022-04-06,3.28,2.83,2.38,0.67,2.5,2.7,2.61,2.63,22.1,0.33,0.3,,115.9995,
2022-04-07,3.26,2.82,2.38,0.68,2.47,2.7,2.66,2.69,21.55,0.33,0.3,,116.3512,
2022-04-08,3.33,2.87,2.41,0.7,2.53,2.76,2.72,2.76,21.16,0.33,0.3,,116.4176,
2022-04-11,3.37,2.91,2.45,0.77,2.5,2.79,2.79,2.84,24.37,0.33,0.3,,116.5401,
2022-04-12,3.31,2.86,2.41,0.74,2.39,2.66,2.72,2.82,24.26,0.33,0.29,,116.3866,
2022-04-13,3.25,2.8,2.35,0.75,2.37,2.66,2.7,2.81,21.82,0.33,0.29,,116.2796,
2022-04-14,3.33,2.89,2.45,0.79,2.47,2.79,2.83,2.92,22.7,0.33,0.29,,116.7558,
2022-04-15,3.33,2.89,2.45,0.79,2.47,2.79,2.83,2.92,22.7,0.33,0.29,,116.7017,
2022-04-18,3.36,2.92,2.48,0.81,2.46,2.79,2.85,2.95,22.17,0.33,0.29,,116.8441,
2022-04-19,3.36,2.93,2.5,0.81,2.61,2.91,2.93,3.01,21.37,0.33,0.28,,117.1324,
2022-04-20,3.36,2.92,2.48,0.82,2.6,2.87,2.85,2.9,20.32,0.33,0.27,,116.7306,
2022-04-21,3.37,3.02,2.67,0.83,2.68,2.96,2.9,2.94,22.68,0.33,0.26,,117.1432,
2022-04-22,3.37,2.98,2.59,0.83,2.72,2.94,2.9,2.95,28.21,0.33,0.27,,118.0186,
2022-04-25,3.27,2.91,2.55,0.91,2.63,2.84,2.81,2.88,27.02,0.33,0.27,,118.6271,
2022-04-26,3.25,2.85,2.45,0.83,2.54,2.79,2.77,2.86,33.52,0.33,0.27,,118.9624,
2022-04-27,3.28,2.88,2.48,0.82,2.58,2.81,2.82,2.91,31.6,0.33,0.28,,119.4708,
2022-04-28,3.39,2.97,2.55,0.82,2.63,2.86,2.85,2.92,29.99,0.33,0.28,,120.0675,
2022-04-29,3.3,2.88,2.46,0.85,2.7,2.92,2.89,2.96,33.4,0.33,0.28,,119.4933,
2022-05-02,3.21,2.81,2.41,0.9,2.73,3.01,2.99,3.07,32.34,0.33,0.3,,119.8825,
2022-05-03,3.21,2.83,2.45,0.91,2.78,3.01,2.97,3.03,29.25,0.33,0.3,,119.7043,
2022-05-04,3.24,2.86,2.48,0.89,2.66,2.93,2.93,3.01,25.42,0.33,0.3,,119.5592,
2022-05-05,3.23,2.87,2.51,0.85,2.71,3.01,3.05,3.15,31.2,0.83,0.79,,120.0068,
2022-05-06,3.22,2.86,2.5,0.85,2.72,3.06,3.12,3.23,30.19,0.83,0.78,,119.8577,
2022-05-09,3.06,2.75,2.44,0.92,2.61,2.95,3.05,3.19,34.75,0.83,0.78,,120.4972,
2022-05-10,2.92,2.65,2.38,0.89,2.62,2.91,2.99,3.12,32.99,0.83,0.78,,120.7742,
2022-05-11,3.0,2.7,2.4,0.91,2.66,2.89,2.91,3.05,32.56,0.83,0.78,,120.3925,
2022-05-12,2.89,2.59,2.29,0.96,2.56,2.81,2.84,3.0,31.77,0.83,0.79,,121.2796,
2022-05-13,3.03,2.69,2.35,1.03,2.61,2.89,2.93,3.1,28.87,0.83,0.79,,120.8442,
2022-05-16,3.04,2.68,2.32,1.07,2.58,2.83,2.88,3.09,27.47,0.83,0.8,,120.6881,
2022-05-17,3.08,2.71,2.34,1.06,2.71,2.96,2.98,3.17,26.1,0.83,0.8,,119.8871,
2022-05-18,3.05,2.72,2.39,1.03,2.68,2.89,2.89,3.07,30.96,0.83,0.79,,120.0274,
2022-05-19,2.97,2.59,2.21,1.05,2.63,2.84,2.84,3.05,29.35,0.83,0.79,,119.4278,
2022-05-20,2.88,2.55,2.22,1.03,2.6,2.8,2.78,2.99,29.43,0.83,0.78,,119.3677,
2022-05-23,2.92,2.6,2.28,1.07,2.65,2.88,2.86,3.08,28.48,0.83,0.78,,118.7169,
2022-05-24,2.87,2.55,2.23,1.06,2.5,2.76,2.76,2.98,29.45,0.83,0.78,,118.6245,
2022-05-25,2.88,2.56,2.24,1.06,2.48,2.71,2.75,2.97,28.37,0.83,0.78,,118.9598,
2022-05-26,2.96,2.62,2.28,1.07,2.46,2.7,2.75,2.99,27.5,0.83,0.78,,118.7687,
2022-05-27,2.95,2.63,2.31,1.08,2.47,2.71,2.74,2.97,25.72,0.83,0.78,,118.2834,
2022-05-30,2.95,2.63,2.31,1.08,2.47,2.71,2.74,2.97,26.54,0.83,0.78,,118.2834,
2022-05-31,2.96,2.64,2.32,1.16,2.53,2.81,2.85,3.07,26.19,0.83,0.79,,118.0704,
2022-06-01,2.96,2.65,2.34,1.15,2.66,2.94,2.94,3.09,25.69,0.83,0.8,,118.6954,
2022-06-02,2.97,2.66,2.35,1.17,2.65,2.92,2.92,3.09,24.72,0.83,0.79,,118.0658,
2022-06-03,3.04,2.74,2.44,1.21,2.66,2.95,2.96,3.11,24.79,0.83,0.78,,118.2153,
2022-06-06,3.05,2.76,2.47,1.26,2.73,3.03,3.04,3.19,25.07,0.83,0.78,,118.3081,
2022-06-07,3.03,2.73,2.43,1.26,2.75,2.99,2.98,3.13,24.02,0.83,0.77,,118.4414,
2022-06-08,3.06,2.75,2.44,1.28,2.78,3.03,3.03,3.18,23.96,0.83,0.76,,118.3951,
2022-06-09,3.08,2.75,2.42,1.3,2.83,3.07,3.04,3.18,26.09,0.83,0.75,,118.9226,
2022-06-10,3.13,2.76,2.39,1.39,3.06,3.25,3.15,3.2,27.75,0.83,0.75,,119.9981,
2022-06-13,3.11,2.74,2.37,1.73,3.4,3.56,3.43,3.42,34.02,0.83,0.73,,121.1523,
2022-06-14,2.88,2.6,2.32,1.83,3.45,3.61,3.49,3.45,32.69,0.83,0.69,,121.6669,
2022-06-15,3.0,2.7,2.4,1.74,3.2,3.38,3.33,3.39,29.62,0.83,0.7,,121.6403,
2022-06-16,2.87,2.62,2.37,1.59,3.14,3.35,3.28,3.35,32.95,1.58,1.45,,120.6714,
2022-06-17,2.8,2.58,2.36,1.63,3.17,3.34,3.25,3.3,31.13,1.58,1.45,,121.2369,
2022-06-20,2.8,2.58,2.36,1.63,3.17,3.34,3.25,3.3,31.03,1.58,1.45,,121.2369,
2022-06-21,2.84,2.61,2.38,1.7,3.21,3.38,3.31,3.39,30.19,1.58,1.45,,120.6427,
2022-06-22,2.74,2.54,2.34,1.61,3.06,3.22,3.16,3.25,28.95,1.58,1.45,,120.5197,
2022-06-23,2.69,2.5,2.31,1.65,3.01,3.14,3.09,3.21,29.05,1.58,1.44,,120.7622,
2022-06-24,2.82,2.56,2.3,1.73,3.04,3.18,3.13,3.26,27.23,1.58,1.46,,120.4853,
2022-06-27,2.79,2.55,2.31,1.79,3.08,3.24,3.2,3.31,26.95,1.58,1.5,,120.1736,
2022-06-28,2.73,2.48,2.23,1.79,3.1,3.25,3.2,3.3,28.36,1.58,1.52,,120.62,
2022-06-29,2.59,2.36,2.13,1.78,3.06,3.15,3.1,3.22,28.16,1.58,1.51,,120.9616,
2022-06-30,2.58,2.33,2.08,1.72,2.92,3.01,2.98,3.14,28.71,1.58,1.5,,120.9652,
2022-07-01,2.6,2.34,2.08,1.73,2.84,2.88,2.88,3.11,26.7,1.58,1.52,,121.5058,
2022-07-04,2.6,2.34,2.08,1.73,2.84,2.88,2.88,3.11,27.53,1.58,1.52,,121.5058,
2022-07-05,2.51,2.3,2.09,1.9,2.82,2.82,2.82,3.05,27.54,1.58,1.54,,122.6203,
2022-07-06,2.48,2.29,2.1,1.9,2.97,2.96,2.93,3.14,26.73,1.58,1.54,,123.0073,
2022-07-07,2.53,2.33,2.13,1.95,3.03,3.05,3.01,3.2,26.08,1.58,1.54,,122.7257,
2022-07-08,2.62,2.37,2.12,1.98,3.12,3.13,3.09,3.27,24.64,1.58,1.53,,122.4662,
2022-07-11,2.56,2.32,2.08,2.18,3.07,3.05,2.99,3.18,26.17,1.58,1.53,,123.2974,
2022-07-12,2.5,2.32,2.14,2.22,3.03,3.01,2.96,3.13,27.29,1.58,1.54,,123.4524,
2022-07-13,2.51,2.31,2.11,2.39,3.13,3.02,2.91,3.08,26.82,1.58,1.53,,123.2834,
2022-07-14,2.54,2.34,2.14,2.4,3.15,3.06,2.96,3.11,26.4,1.58,1.53,,124.0622,
2022-07-15,2.59,2.36,2.13,2.37,3.13,3.05,2.93,3.1,24.23,1.58,1.54,,123.4765,
2022-07-18,2.63,2.37,2.11,2.5,3.15,3.06,2.96,3.14,25.3,1.58,1.54,,122.7727,
2022-07-19,2.67,2.39,2.11,2.52,3.23,3.14,3.01,3.17,24.5,1.58,1.54,,122.4819,
2022-07-20,2.67,2.38,2.09,2.51,3.25,3.18,3.04,3.17,23.88,1.58,1.53,,122.5997,
2022-07-21,2.55,2.33,2.11,2.48,3.1,3.0,2.91,3.08,23.11,1.58,1.53,,122.9032,
2022-07-22,2.56,2.34,2.12,2.49,2.98,2.87,2.77,3.0,23.03,1.58,1.52,,122.451,
2022-07-25,2.58,2.36,2.14,2.62,3.0,2.89,2.81,3.04,23.36,1.58,1.53,,122.4594,
2022-07-26,2.56,2.36,2.16,2.55,3.02,2.89,2.81,3.03,24.69,1.58,1.53,,122.7581,
2022-07-27,2.61,2.42,2.23,2.44,2.96,2.82,2.78,3.03,23.24,1.58,1.53,,122.8169,
2022-07-28,2.67,2.48,2.29,2.42,2.85,2.69,2.68,3.02,22.33,2.33,2.28,,122.1161,
2022-07-29,2.73,2.53,2.33,2.41,2.89,2.7,2.67,3.0,21.33,2.32,2.27,,121.7678,
2022-08-01,2.72,2.51,2.3,2.56,2.9,2.66,2.6,2.92,22.84,2.33,2.28,,121.4109,
2022-08-02,2.69,2.48,2.27,2.56,3.06,2.85,2.75,3.0,23.93,2.33,2.3,,121.9486,
2022-08-03,2.72,2.5,2.28,2.52,3.1,2.86,2.73,2.96,21.95,2.33,2.29,,122.3888,
2022-08-04,2.64,2.46,2.28,2.5,3.03,2.76,2.68,2.97,21.44,2.33,2.29,,121.8333,
2022-08-05,2.64,2.46,2.28,2.58,3.24,2.97,2.83,3.06,21.15,2.33,2.28,,122.321,
2022-08-08,2.65,2.48,2.31,2.65,3.21,2.91,2.77,3.0,21.29,2.33,2.28,,121.8783,
2022-08-09,2.66,2.47,2.28,2.67,3.28,2.97,2.8,3.01,21.77,2.33,2.29,,121.8614,
2022-08-10,2.61,2.43,2.25,2.65,3.23,2.93,2.78,3.04,19.74,2.33,2.28,,120.7543,
2022-08-11,2.67,2.47,2.27,2.62,3.23,2.98,2.87,3.15,20.2,2.33,2.28,,120.7163,
2022-08-12,2.67,2.47,2.27,2.63,3.25,2.97,2.84,3.12,19.53,2.33,2.28,,121.018,
2022-08-15,2.62,2.44,2.26,2.72,3.2,2.91,2.79,3.1,19.95,2.33,2.29,,121.4315,
2022-08-16,2.61,2.44,2.27,2.7,3.25,2.95,2.82,3.11,19.69,2.33,2.29,,121.6807,
2022-08-17,2.65,2.46,2.27,2.68,3.28,3.04,2.89,3.15,19.9,2.33,2.29,,122.0711,
2022-08-18,2.7,2.52,2.34,2.71,3.22,3.02,2.88,3.14,19.56,2.33,2.28,,122.3627,
2022-08-19,2.72,2.55,2.38,2.74,3.25,3.11,2.98,3.22,20.6,2.33,2.28,,123.0501,
2022-08-22,2.74,2.57,2.4,2.82,3.32,3.17,3.03,3.24,23.8,2.33,2.28,,123.605,
2022-08-23,2.77,2.58,2.39,2.8,3.29,3.18,3.05,3.26,24.11,2.33,2.27,,123.0547,
2022-08-24,2.79,2.62,2.45,2.82,3.36,3.2,3.11,3.32,22.82,2.33,2.27,,123.109,
2022-08-25,2.77,2.6,2.43,2.88,3.35,3.15,3.03,3.25,21.78,2.33,2.28,,123.0586,
2022-08-26,2.73,2.57,2.41,2.89,3.37,3.2,3.04,3.21,25.56,2.33,2.28,,123.0656,
2022-08-29,2.71,2.58,2.45,2.97,3.42,3.27,3.12,3.25,26.21,2.33,2.28,,123.4686,
2022-08-30,2.67,2.55,2.43,2.97,3.46,3.27,3.11,3.23,26.21,2.33,2.29,,123.6848,
2022-08-31,2.58,2.48,2.38,2.96,3.45,3.3,3.15,3.27,25.87,2.33,2.29,,123.535,
2022-09-01,2.52,2.45,2.38,2.97,3.51,3.39,3.26,3.37,25.56,2.33,2.29,,124.4006,
2022-09-02,2.55,2.47,2.39,2.94,3.4,3.3,3.2,3.35,25.47,2.33,2.29,,123.7743,
2022-09-05,2.55,2.47,2.39,2.94,3.4,3.3,3.2,3.35,25.99,2.33,2.29,,123.7743,
2022-09-06,2.56,2.48,2.4,3.04,3.5,3.43,3.33,3.49,26.91,2.33,2.29,,124.767,
2022-09-07,2.51,2.45,2.39,3.07,3.45,3.37,3.27,3.42,24.64,2.33,2.28,,124.8408,
2022-09-08,2.46,2.41,2.36,3.06,3.48,3.39,3.29,3.45,23.61,2.33,2.28,,124.578,
2022-09-09,2.51,2.42,2.33,3.08,3.56,3.45,3.33,3.47,22.79,2.33,2.28,,123.7874,
2022-09-12,2.52,2.42,2.32,3.17,3.58,3.47,3.37,3.53,23.87,2.33,2.28,,123.3332,
2022-09-13,2.56,2.44,2.32,3.28,3.75,3.58,3.42,3.51,27.27,2.33,2.28,,124.4242,
2022-09-14,2.62,2.46,2.3,3.24,3.78,3.6,3.41,3.47,26.16,2.33,2.27,,124.4509,
2022-09-15,2.57,2.43,2.29,3.22,3.87,3.66,3.45,3.48,26.27,2.33,2.28,,124.8843,
2022-09-16,2.49,2.38,2.27,3.2,3.85,3.62,3.45,3.52,26.3,2.33,2.27,,124.8794,
2022-09-19,2.44,2.34,2.24,3.37,3.95,3.69,3.49,3.52,25.76,2.33,2.27,,125.0104,
2022-09-20,2.48,2.4,2.32,3.35,3.96,3.75,3.57,3.59,27.16,2.33,2.26,,125.1248,
2022-09-21,2.47,2.38,2.29,3.31,4.02,3.74,3.51,3.5,27.99,2.33,2.25,,125.7399,
2022-09-22,2.45,2.41,2.37,3.29,4.11,3.91,3.7,3.65,27.35,3.08,2.99,,126.1667,
2022-09-23,2.38,2.37,2.36,3.24,4.2,3.96,3.69,3.61,29.92,3.08,2.99,,127.2853,
2022-09-26,2.33,2.32,2.31,3.39,4.27,4.15,3.88,3.72,32.26,3.08,2.99,,128.4539,
2022-09-27,2.35,2.33,2.31,3.35,4.3,4.21,3.97,3.87,32.6,3.08,2.98,,128.4386,
2022-09-28,2.37,2.33,2.29,3.4,4.07,3.92,3.72,3.7,30.18,3.08,2.98,,128.0884,
2022-09-29,2.18,2.19,2.2,3.36,4.16,3.98,3.76,3.71,31.84,3.08,2.96,,127.5437,
2022-09-30,2.14,2.15,2.16,3.33,4.22,4.06,3.83,3.79,31.62,3.08,2.98,,127.5148,
2022-10-03,2.26,2.24,2.22,3.46,4.12,3.9,3.67,3.73,30.1,3.08,3.0,,127.0813,
2022-10-04,2.28,2.24,2.2,3.45,4.1,3.84,3.62,3.7,29.07,3.08,3.04,,126.1819,
2022-10-05,2.26,2.22,2.18,3.46,4.15,3.96,3.76,3.78,28.55,3.08,3.04,,126.8616,
2022-10-06,2.29,2.22,2.15,3.46,4.23,4.05,3.83,3.81,30.52,3.08,3.05,,127.2493,
2022-10-07,2.36,2.27,2.18,3.45,4.3,4.14,3.89,3.86,31.36,3.08,3.05,,127.3111,
2022-10-10,2.36,2.27,2.18,3.45,4.3,4.14,3.89,3.86,32.45,3.08,3.05,,127.3111,
2022-10-11,2.36,2.31,2.26,3.67,4.3,4.14,3.93,3.92,33.63,3.08,3.05,,127.6641,
2022-10-12,2.32,2.29,2.26,3.7,4.28,4.12,3.91,3.9,33.57,3.08,3.04,,128.1481,
2022-10-13,2.38,2.34,2.3,3.79,4.47,4.21,3.97,3.97,31.94,3.08,3.04,,127.7286,
2022-10-14,2.44,2.41,2.38,3.81,4.48,4.25,4.0,3.99,32.02,3.08,3.04,,128.3325,
2022-10-17,2.48,2.45,2.42,3.97,4.45,4.24,4.02,4.04,31.37,3.08,3.05,,127.6448,
2022-10-18,2.42,2.41,2.4,4.04,4.43,4.21,4.01,4.04,30.5,3.08,3.04,,127.9153,
2022-10-19,2.46,2.42,2.38,4.07,4.55,4.35,4.14,4.15,30.76,3.08,3.04,,128.3968,
2022-10-20,2.65,2.51,2.37,4.09,4.62,4.45,4.24,4.24,29.98,3.08,3.03,,128.0052,
2022-10-21,2.69,2.52,2.35,4.09,4.49,4.34,4.21,4.33,29.69,3.08,3.02,,127.6735,
2022-10-24,2.72,2.59,2.46,4.16,4.5,4.36,4.25,4.4,29.85,3.08,3.01,,128.0304,
2022-10-25,2.62,2.51,2.4,4.14,4.42,4.25,4.1,4.26,28.46,3.08,3.02,,127.3771,
2022-10-26,2.56,2.44,2.32,4.11,4.39,4.2,4.04,4.19,27.28,3.08,3.03,,126.4723,
2022-10-27,2.57,2.45,2.33,4.13,4.3,4.09,3.96,4.12,27.39,3.08,3.04,,126.7028,
2022-10-28,2.62,2.51,2.4,4.18,4.41,4.19,4.02,4.15,25.75,3.08,3.05,,127.2135,
2022-10-31,2.67,2.52,2.37,4.22,4.51,4.27,4.1,4.22,25.88,3.08,3.05,,127.6219,
2022-11-01,2.65,2.51,2.37,4.23,4.54,4.27,4.07,4.14,25.81,3.08,3.05,,127.3987,
2022-11-02,2.68,2.53,2.38,4.22,4.61,4.3,4.1,4.15,25.86,3.08,3.05,,127.3115,
2022-11-03,2.54,2.4,2.26,4.25,4.71,4.36,4.14,4.18,25.3,3.83,3.8,,128.1743,
2022-11-04,2.61,2.48,2.35,4.21,4.66,4.33,4.17,4.27,24.55,3.83,3.8,,127.1468,
2022-11-07,2.67,2.53,2.39,4.29,4.72,4.39,4.22,4.34,24.35,3.83,3.78,,126.3062,
2022-11-08,2.61,2.5,2.39,4.28,4.67,4.31,4.14,4.28,25.54,3.83,3.78,,125.633,
2022-11-09,2.53,2.42,2.31,4.29,4.61,4.27,4.12,4.31,26.09,3.83,3.78,,125.9861,
2022-11-10,2.47,2.39,2.31,4.28,4.34,3.95,3.82,4.03,23.53,3.83,3.78,,124.7044,
2022-11-11,2.47,2.39,2.31,4.28,4.34,3.95,3.82,4.03,22.52,3.83,3.78,,124.7044,
2022-11-14,2.42,2.37,2.32,4.34,4.4,4.0,3.88,4.07,23.73,3.83,3.79,,123.4277,
2022-11-15,2.4,2.35,2.3,4.31,4.37,3.93,3.8,3.98,24.54,3.83,3.8,,123.039,
2022-11-16,2.35,2.29,2.23,4.32,4.35,3.83,3.67,3.85,24.11,3.83,3.81,,123.2817,
2022-11-17,2.32,2.28,2.24,4.32,4.43,3.93,3.77,3.89,23.93,3.83,3.8,,123.977,
2022-11-18,2.28,2.25,2.22,4.34,4.51,3.99,3.82,3.92,23.12,3.83,3.8,,123.8524,
2022-11-21,2.34,2.31,2.28,4.41,4.48,3.97,3.83,3.91,22.36,3.83,3.8,,124.7009,
2022-11-22,2.35,2.32,2.29,4.4,4.47,3.93,3.76,3.83,21.29,3.83,3.8,,124.2365,
2022-11-23,2.33,2.32,2.31,4.4,4.46,3.88,3.71,3.74,20.35,3.83,3.79,,123.7574,
2022-11-24,2.33,2.32,2.31,4.4,4.46,3.88,3.71,3.74,20.42,3.83,3.79,,123.7574,
2022-11-25,2.34,2.32,2.3,4.41,4.42,3.85,3.68,3.74,20.5,3.83,3.8,,123.3386,
2022-11-28,2.29,2.26,2.23,4.41,4.46,3.88,3.69,3.74,22.21,3.83,3.8,,123.6032,
2022-11-29,2.3,2.25,2.2,4.38,4.48,3.92,3.75,3.81,21.89,3.83,3.81,,123.6615,
2022-11-30,2.41,2.34,2.27,4.37,4.38,3.82,3.68,3.8,20.58,3.83,3.82,,123.5175,
2022-12-01,2.45,2.36,2.27,4.33,4.25,3.68,3.53,3.64,19.84,3.83,3.82,,122.0045,
2022-12-02,2.51,2.43,2.35,4.34,4.28,3.67,3.51,3.56,19.06,3.83,3.81,,122.0102,
2022-12-05,2.46,2.39,2.32,4.36,4.41,3.8,3.6,3.62,20.75,3.83,3.81,,122.6384,
2022-12-06,2.38,2.31,2.24,4.37,4.34,3.73,3.51,3.52,22.17,3.83,3.8,,123.0191,
2022-12-07,2.33,2.26,2.19,4.29,4.26,3.62,3.42,3.42,22.68,3.83,3.8,,122.7608,
2022-12-08,2.36,2.28,2.2,4.28,4.31,3.71,3.48,3.44,22.29,3.83,3.8,,122.4152,
2022-12-09,2.3,2.26,2.22,4.31,4.33,3.75,3.57,3.56,22.83,3.83,3.8,,122.4201,
2022-12-12,2.35,2.28,2.21,4.38,4.39,3.8,3.61,3.57,25.0,3.83,3.8,,122.7714,
2022-12-13,2.31,2.24,2.17,4.35,4.22,3.66,3.51,3.53,22.55,3.83,3.8,,121.8493,
2022-12-14,2.25,2.19,2.13,4.33,4.23,3.64,3.49,3.52,21.14,3.83,3.8,,121.8226,
2022-12-15,2.21,2.16,2.11,4.34,4.23,3.62,3.44,3.48,22.83,4.33,4.32,,122.5519,
2022-12-16,2.14,2.13,2.12,4.31,4.17,3.61,3.48,3.53,22.62,4.33,4.32,,122.6505,
2022-12-19,2.19,2.15,2.11,4.37,4.25,3.7,3.57,3.62,22.42,4.33,4.3,,122.5275,
2022-12-20,2.26,2.24,2.22,4.35,4.25,3.79,3.69,3.74,21.48,4.33,4.3,,122.1357,
2022-12-21,2.31,2.27,2.23,4.33,4.21,3.78,3.68,3.74,20.07,4.33,4.3,,122.2828,
2022-12-22,2.24,2.19,2.14,4.35,4.24,3.79,3.67,3.73,21.97,4.33,4.3,,122.2419,
2022-12-23,2.29,2.2,2.11,4.34,4.31,3.86,3.75,3.82,20.87,4.33,4.3,,121.9743,
2022-12-26,2.29,2.2,2.11,4.34,4.31,3.86,3.75,3.82,20.87,4.33,4.3,,121.9743,
2022-12-27,2.33,2.26,2.19,4.46,4.32,3.94,3.84,3.93,21.65,4.33,4.3,,121.7539,
2022-12-28,2.33,2.28,2.23,4.46,4.31,3.97,3.88,3.98,22.14,4.33,4.3,,122.0075,
2022-12-29,2.32,2.27,2.22,4.45,4.34,3.94,3.83,3.92,21.44,4.33,4.3,,121.6577,
2022-12-30,2.33,2.3,2.27,4.42,4.41,3.99,3.88,3.97,21.67,4.33,4.3,,121.4256,
2023-01-02,2.33,2.3,2.27,4.42,4.41,3.99,3.88,3.97,21.67,4.33,4.3,,121.4256,
2023-01-03,2.29,2.26,2.23,4.53,4.4,3.94,3.79,3.88,22.9,4.33,4.31,,122.0905,
2023-01-04,2.21,2.22,2.23,4.55,4.36,3.85,3.69,3.81,22.01,4.33,4.3,,121.5008,
2023-01-05,2.22,2.22,2.22,4.66,4.45,3.9,3.71,3.78,22.46,4.33,4.31,,122.1017,
2023-01-06,2.18,2.21,2.24,4.67,4.24,3.69,3.55,3.67,21.13,4.33,4.31,,121.0852,
2023-01-09,2.18,2.22,2.26,4.7,4.19,3.66,3.53,3.66,21.97,4.33,4.31,,120.1508,
2023-01-10,2.2,2.24,2.28,4.73,4.24,3.72,3.61,3.74,20.58,4.33,4.31,,120.2483,
2023-01-11,2.21,2.23,2.25,4.72,4.2,3.66,3.54,3.67,21.09,4.33,4.3,,120.1614,
2023-01-12,2.21,2.21,2.21,4.66,4.12,3.53,3.43,3.56,18.83,4.33,4.3,,119.4218,
2023-01-13,2.2,2.18,2.16,4.67,4.22,3.6,3.49,3.61,18.35,4.33,4.3,,119.1673,
2023-01-16,2.2,2.18,2.16,4.67,4.22,3.6,3.49,3.61,19.49,4.33,4.3,,119.1673,
2023-01-17,2.18,2.17,2.16,4.71,4.18,3.6,3.53,3.64,19.36,4.33,4.31,,119.2121,
2023-01-18,2.09,2.12,2.15,4.69,4.06,3.43,3.37,3.54,20.34,4.33,4.3,,119.0755,
2023-01-19,2.21,2.2,2.19,4.71,4.09,3.48,3.39,3.57,20.52,4.33,4.31,,119.6107,
2023-01-20,2.23,2.23,2.23,4.72,4.14,3.56,3.48,3.66,19.85,4.33,4.3,,119.3486,
2023-01-23,2.28,2.28,2.28,4.73,4.21,3.61,3.52,3.69,19.81,4.33,4.3,,119.1434,
2023-01-24,2.29,2.27,2.25,4.72,4.12,3.58,3.46,3.62,19.2,4.33,4.3,,119.0958,
2023-01-25,2.28,2.29,2.3,4.72,4.11,3.54,3.46,3.62,19.08,4.33,4.31,,118.9686,
2023-01-26,2.32,2.33,2.34,4.71,4.17,3.58,3.49,3.62,18.73,4.33,4.3,,119.021,
2023-01-27,2.33,2.33,2.33,4.73,4.19,3.62,3.52,3.64,18.51,4.33,4.3,,118.9223,
2023-01-30,2.3,2.29,2.28,4.72,4.25,3.68,3.55,3.66,19.94,4.33,4.3,,118.8953,
2023-01-31,2.27,2.24,2.21,4.7,4.21,3.63,3.52,3.65,19.4,4.33,4.31,,118.9802,
2023-02-01,2.29,2.25,2.21,4.66,4.09,3.48,3.39,3.55,17.87,4.33,4.31,,118.6259,
2023-02-02,2.26,2.22,2.18,4.66,4.09,3.49,3.4,3.55,18.73,4.58,4.56,,118.3421,
2023-02-03,2.27,2.22,2.17,4.7,4.3,3.67,3.53,3.63,18.33,4.58,4.55,,119.5095,
2023-02-06,2.33,2.25,2.17,4.71,4.44,3.81,3.63,3.67,19.43,4.58,4.55,,120.541,
2023-02-07,2.4,2.31,2.22,4.71,4.47,3.85,3.67,3.72,18.66,4.58,4.55,,120.3475,
2023-02-08,2.46,2.34,2.22,4.72,4.45,3.82,3.63,3.7,19.63,4.58,4.55,,120.1436,
2023-02-09,2.45,2.33,2.21,4.77,4.48,3.87,3.67,3.75,20.71,4.57,4.55,,119.9781,
2023-02-10,2.47,2.33,2.19,4.79,4.5,3.93,3.74,3.83,20.53,4.58,4.55,,120.1419,
2023-02-13,2.44,2.31,2.18,4.81,4.52,3.93,3.72,3.79,20.34,4.58,4.55,,119.9828,
2023-02-14,2.45,2.31,2.17,4.8,4.6,4.0,3.77,3.81,18.91,4.58,4.55,,119.9229,
2023-02-15,2.51,2.35,2.19,4.79,4.62,4.04,3.81,3.85,18.23,4.58,4.55,,120.4557,
2023-02-16,2.52,2.37,2.22,4.84,4.62,4.06,3.86,3.92,20.17,4.58,4.55,,120.4651,
2023-02-17,2.5,2.36,2.22,4.84,4.6,4.03,3.82,3.88,20.02,4.58,4.55,,120.5526,
2023-02-20,2.5,2.36,2.22,4.84,4.6,4.03,3.82,3.88,21.23,4.58,4.55,,120.5526,
2023-02-21,2.58,2.42,2.26,4.86,4.67,4.16,3.95,3.98,22.87,4.58,4.55,,120.6256,
2023-02-22,2.52,2.41,2.3,4.84,4.66,4.13,3.93,3.94,22.29,4.58,4.55,,120.8389,
2023-02-23,2.5,2.39,2.28,4.84,4.66,4.09,3.88,3.88,21.14,4.58,4.55,,121.0896,
2023-02-24,2.47,2.38,2.29,4.86,4.78,4.19,3.95,3.93,21.67,4.58,4.55,,121.5681,
2023-02-27,2.49,2.36,2.23,4.89,4.78,4.17,3.92,3.93,20.95,4.57,4.55,,121.3941,
2023-02-28,2.58,2.43,2.28,4.88,4.81,4.18,3.92,3.93,20.7,4.57,4.55,,121.3341,
2023-03-01,2.59,2.44,2.29,4.9,4.89,4.27,4.01,3.97,20.58,4.58,4.55,,120.6347,
2023-03-02,2.65,2.48,2.31,4.91,4.89,4.32,4.08,4.03,19.59,4.57,4.55,,121.1302,
2023-03-03,2.71,2.52,2.33,4.91,4.86,4.26,3.97,3.9,18.49,4.57,4.55,,120.7742,
2023-03-06,2.7,2.49,2.28,4.93,4.89,4.27,3.98,3.92,18.61,4.57,4.55,,120.485,
2023-03-07,2.54,2.38,2.22,5.04,5.0,4.31,3.97,3.88,19.59,4.57,4.55,,121.4623,
2023-03-08,2.47,2.32,2.17,5.06,5.05,4.34,3.98,3.88,19.11,4.57,4.55,,121.4511,
2023-03-09,2.43,2.3,2.17,5.05,4.9,4.22,3.93,3.88,22.61,4.57,4.55,,121.4458,
2023-03-10,2.34,2.26,2.18,5.01,4.6,3.96,3.7,3.7,24.8,4.57,4.55,,121.2421,
2023-03-13,2.26,2.24,2.22,4.87,4.03,3.68,3.55,3.7,26.52,4.58,4.55,,120.8897,
2023-03-14,2.35,2.31,2.27,4.88,4.2,3.78,3.64,3.77,23.73,4.58,4.55,,121.0141,
2023-03-15,2.33,2.29,2.25,4.75,3.93,3.59,3.51,3.7,26.14,4.58,4.58,,122.1079,
2023-03-16,2.26,2.22,2.18,4.74,4.14,3.72,3.56,3.71,22.99,4.58,4.57,,121.7221,
2023-03-17,2.1,2.1,2.1,4.52,3.81,3.44,3.39,3.6,25.51,4.58,4.55,,121.5643,
2023-03-20,2.14,2.14,2.14,4.81,3.92,3.56,3.47,3.65,24.15,4.58,4.55,,121.0141,
2023-03-21,2.25,2.23,2.21,4.78,4.17,3.73,3.59,3.73,21.38,4.58,4.55,,120.8958,
2023-03-22,2.31,2.28,2.25,4.79,3.96,3.54,3.48,3.68,22.26,4.58,4.55,,120.6217,
2023-03-23,2.26,2.19,2.12,4.73,3.76,3.39,3.38,3.66,22.61,4.83,4.8,,119.7587,
2023-03-24,2.21,2.22,2.23,4.74,3.76,3.41,3.38,3.64,21.74,4.83,4.8,,120.4598,
2023-03-27,2.27,2.24,2.21,4.91,3.94,3.59,3.53,3.77,20.6,4.83,4.81,,120.2541,
2023-03-28,2.34,2.31,2.28,4.8,4.02,3.63,3.55,3.77,19.97,4.83,4.84,,119.7138,
2023-03-29,2.38,2.33,2.28,4.8,4.08,3.67,3.57,3.78,19.12,4.83,4.83,,119.7258,
2023-03-30,2.4,2.34,2.28,4.97,4.1,3.66,3.55,3.74,19.02,4.83,4.82,,119.4078,
2023-03-31,2.4,2.32,2.24,4.85,4.06,3.6,3.48,3.67,18.7,4.83,4.87,,119.3602,
2023-04-03,2.39,2.29,2.19,4.9,3.97,3.52,3.43,3.64,18.55,4.83,4.84,,119.3204,
2023-04-04,2.32,2.25,2.18,4.88,3.84,3.39,3.35,3.6,19.0,4.83,4.83,,119.142,
2023-04-05,2.29,2.23,2.17,4.86,3.79,3.36,3.3,3.56,19.08,4.83,4.81,,119.2953,
2023-04-06,2.31,2.24,2.17,4.91,3.82,3.37,3.3,3.54,18.4,4.83,4.81,,119.3072,
2023-04-07,2.33,2.25,2.17,4.95,3.97,3.49,3.39,3.61,18.4,4.83,4.81,,119.3547,
2023-04-10,2.34,2.27,2.2,5.08,4.0,3.52,3.41,3.62,18.97,4.83,4.81,,119.7948,
2023-04-11,2.36,2.29,2.22,5.04,4.03,3.54,3.43,3.62,19.1,4.83,4.8,,119.5248,
2023-04-12,2.29,2.27,2.25,5.02,3.95,3.46,3.41,3.64,19.09,4.83,4.8,,119.003,
2023-04-13,2.29,2.29,2.29,5.1,3.96,3.51,3.45,3.69,17.8,4.83,4.8,,118.3915,
2023-04-14,2.31,2.3,2.29,5.14,4.08,3.6,3.52,3.74,17.07,4.83,4.8,,118.8567,
2023-04-17,2.35,2.32,2.29,5.21,4.18,3.69,3.6,3.81,16.95,4.83,4.8,,119.2787,
2023-04-18,2.33,2.28,2.23,5.2,4.19,3.69,3.58,3.79,16.83,4.83,4.8,,119.1049,
2023-04-19,2.33,2.28,2.23,5.16,4.24,3.71,3.6,3.79,16.46,4.83,4.8,,119.303,
2023-04-20,2.28,2.26,2.24,5.12,4.14,3.63,3.54,3.75,17.17,4.83,4.8,,119.1199,
2023-04-21,2.3,2.28,2.26,5.14,4.17,3.66,3.57,3.78,16.77,4.83,4.8,,119.3117,
2023-04-24,2.33,2.28,2.23,5.2,4.12,3.6,3.52,3.73,16.89,4.83,4.8,,119.2039,
2023-04-25,2.26,2.25,2.24,5.12,3.86,3.43,3.4,3.65,18.76,4.83,4.8,,119.613,
2023-04-26,2.26,2.25,2.24,5.16,3.9,3.46,3.43,3.7,18.84,4.83,4.8,,119.3228,
2023-04-27,2.29,2.27,2.25,5.18,4.07,3.6,3.53,3.76,17.03,4.83,4.81,,119.4298,
2023-04-28,2.2,2.18,2.16,5.1,4.04,3.51,3.44,3.67,15.78,4.83,4.81,,119.2248,
2023-05-01,2.24,2.23,2.22,5.27,4.14,3.64,3.59,3.84,16.08,4.83,4.81,,119.4435,
2023-05-02,2.18,2.2,2.22,5.24,3.97,3.46,3.44,3.72,17.78,4.83,4.81,,119.6105,
2023-05-03,2.19,2.2,2.21,5.26,3.89,3.37,3.38,3.7,18.34,4.83,4.81,,119.1233,
2023-05-04,2.13,2.19,2.25,5.26,3.75,3.29,3.37,3.73,20.09,5.08,5.06,,119.0465,
2023-05-05,2.19,2.21,2.23,5.26,3.92,3.41,3.44,3.76,17.19,5.08,5.06,,118.5548,
2023-05-08,2.22,2.23,2.24,5.31,4.0,3.49,3.52,3.84,16.98,5.08,5.06,,118.5759,
2023-05-09,2.22,2.23,2.24,5.29,4.01,3.51,3.53,3.85,17.71,5.08,5.06,,118.8239,
2023-05-10,2.13,2.17,2.21,5.24,3.9,3.37,3.43,3.8,16.94,5.08,5.06,,118.5864,
2023-05-11,2.1,2.16,2.22,5.2,3.89,3.36,3.39,3.73,16.93,5.08,5.05,,119.0303,
2023-05-12,2.11,2.18,2.25,5.25,3.98,3.45,3.46,3.78,17.03,5.08,5.05,,119.3671,
2023-05-15,2.12,2.19,2.26,5.21,3.99,3.46,3.5,3.84,17.12,5.08,5.06,,119.1608,
2023-05-16,2.11,2.19,2.27,5.23,4.06,3.52,3.54,3.87,17.99,5.08,5.05,,119.1743,
2023-05-17,2.16,2.22,2.28,5.26,4.12,3.58,3.57,3.88,16.87,5.08,5.05,,119.607,
2023-05-18,2.16,2.23,2.3,5.31,4.24,3.69,3.65,3.91,16.05,5.08,5.05,,120.0886,
2023-05-19,2.19,2.24,2.29,5.29,4.28,3.76,3.7,3.95,16.81,5.08,5.05,,119.7751,
2023-05-22,2.18,2.24,2.3,5.4,4.29,3.77,3.72,3.97,17.21,5.08,5.05,,120.0875,
2023-05-23,2.21,2.26,2.31,5.34,4.26,3.76,3.7,3.96,18.53,5.08,5.05,,120.3204,
2023-05-24,2.14,2.25,2.36,5.37,4.31,3.75,3.73,3.97,20.03,5.08,5.05,,120.4752,
2023-05-25,2.12,2.25,2.38,5.38,4.5,3.9,3.83,4.01,19.14,5.08,5.06,,120.8413,
2023-05-26,2.13,2.23,2.33,5.34,4.54,3.92,3.8,3.96,17.95,5.08,5.06,,120.6304,
2023-05-29,2.13,2.23,2.33,5.34,4.54,3.92,3.8,3.96,17.46,5.08,5.06,,120.6304,
2023-05-30,2.12,2.22,2.32,5.55,4.46,3.81,3.69,3.9,17.46,5.08,5.06,,120.5546,
2023-05-31,2.07,2.18,2.29,5.52,4.4,3.74,3.64,3.85,17.94,5.08,5.08,,120.9662,
2023-06-01,2.07,2.16,2.25,5.5,4.33,3.7,3.61,3.84,15.65,5.08,5.08,,120.0491,
2023-06-02,2.13,2.18,2.23,5.5,4.5,3.84,3.69,3.88,14.6,5.08,5.07,,120.0049,
2023-06-05,2.15,2.19,2.23,5.46,4.46,3.82,3.69,3.89,14.73,5.08,5.06,,120.0048,
2023-06-06,2.14,2.2,2.26,5.44,4.51,3.85,3.7,3.87,13.96,5.08,5.05,,119.9718,
2023-06-07,2.15,2.21,2.27,5.42,4.56,3.93,3.79,3.95,13.94,5.08,5.05,,119.859,
2023-06-08,2.14,2.2,2.26,5.38,4.52,3.87,3.73,3.89,13.65,5.08,5.05,,119.5712,
2023-06-09,2.13,2.2,2.27,5.37,4.59,3.92,3.75,3.89,13.83,5.08,5.05,,119.4322,
2023-06-12,2.09,2.17,2.25,5.4,4.55,3.89,3.73,3.87,15.01,5.08,5.05,,119.6376,
2023-06-13,2.12,2.2,2.28,5.36,4.67,4.01,3.84,3.94,14.61,5.08,5.05,,119.1899,
2023-06-14,2.15,2.21,2.27,5.36,4.74,4.06,3.83,3.9,13.88,5.08,5.05,,118.776,
2023-06-15,2.16,2.21,2.26,5.33,4.62,3.91,3.72,3.85,14.5,5.07,5.06,,118.5521,
2023-06-16,2.17,2.22,2.27,5.34,4.7,3.99,3.77,3.86,13.54,5.08,5.05,,118.4184,
2023-06-19,2.17,2.22,2.27,5.34,4.7,3.99,3.77,3.86,14.19,5.08,5.05,,118.4184,
2023-06-20,2.14,2.22,2.3,5.39,4.68,3.96,3.74,3.83,13.88,5.07,5.05,,118.938,
2023-06-21,2.15,2.21,2.27,5.4,4.68,3.95,3.72,3.81,13.2,5.07,5.05,,118.727,
2023-06-22,2.18,2.24,2.3,5.4,4.77,4.03,3.8,3.88,12.91,5.07,5.05,,118.7552,
2023-06-23,2.16,2.21,2.26,5.41,4.71,3.99,3.74,3.82,13.44,5.07,5.05,,119.152,
2023-06-26,2.13,2.18,2.23,5.5,4.65,3.96,3.72,3.83,14.25,5.07,5.05,,119.0761,
2023-06-27,2.12,2.2,2.28,5.44,4.74,4.02,3.77,3.84,13.74,5.07,5.05,,118.8949,
2023-06-28,2.12,2.18,2.24,5.44,4.71,3.97,3.71,3.81,13.43,5.07,5.06,,119.3382,
2023-06-29,2.15,2.2,2.25,5.46,4.87,4.14,3.85,3.92,13.54,5.07,5.06,,119.527,
2023-06-30,2.18,2.22,2.26,5.43,4.87,4.13,3.81,3.85,13.59,5.08,5.09,,119.3606,
2023-07-03,2.21,2.25,2.29,5.44,4.94,4.19,3.86,3.87,13.57,5.08,5.06,,119.2119,
2023-07-04,2.21,2.25,2.29,5.44,4.94,4.19,3.86,3.87,13.7,5.08,5.06,,119.2119,
2023-07-05,2.2,2.26,2.32,5.44,4.94,4.25,3.95,3.95,14.18,5.08,5.06,,119.3483,
2023-07-06,2.22,2.27,2.32,5.46,4.99,4.37,4.05,4.01,15.44,5.08,5.06,,119.8193,
2023-07-07,2.22,2.27,2.32,5.46,4.94,4.35,4.06,4.05,14.83,5.08,5.06,,119.0761,
2023-07-10,2.19,2.25,2.31,5.48,4.85,4.25,4.01,4.05,15.07,5.07,5.06,,118.9548,
2023-07-11,2.16,2.24,2.32,5.49,4.88,4.24,3.99,4.03,14.84,5.08,5.06,,118.7344,
2023-07-12,2.18,2.26,2.34,5.47,4.72,4.07,3.86,3.96,13.54,5.08,5.05,,117.6385,
2023-07-13,2.16,2.24,2.32,5.47,4.59,3.93,3.76,3.9,13.61,5.08,5.06,,117.1831,
2023-07-14,2.15,2.24,2.33,5.49,4.74,4.04,3.83,3.93,13.34,5.08,5.05,,117.0463,
2023-07-17,2.16,2.25,2.34,5.49,4.74,4.02,3.81,3.94,13.48,5.08,5.06,,117.1267,
2023-07-18,2.13,2.23,2.33,5.49,4.74,4.0,3.8,3.91,13.3,5.08,5.06,,117.0264,
2023-07-19,2.13,2.22,2.31,5.49,4.74,3.98,3.75,3.84,13.76,5.08,5.05,,117.3462,
2023-07-20,2.21,2.35,2.49,5.49,4.8,4.08,3.85,3.91,13.99,5.08,5.06,,117.5947,
2023-07-21,2.23,2.35,2.47,5.5,4.82,4.09,3.84,3.91,13.6,5.08,5.05,,117.9418,
2023-07-24,2.28,2.38,2.48,5.51,4.81,4.13,3.86,3.92,13.91,5.08,5.05,,117.8124,
2023-07-25,2.26,2.39,2.52,5.51,4.85,4.15,3.91,3.95,13.86,5.08,5.06,,117.8565,
2023-07-26,2.24,2.36,2.48,5.51,4.82,4.09,3.86,3.94,13.19,5.08,5.06,,117.76,
2023-07-27,2.27,2.37,2.47,5.51,4.91,4.24,4.01,4.06,14.41,5.33,5.31,,117.8938,
2023-07-28,2.28,2.38,2.48,5.52,4.87,4.18,3.96,4.03,13.33,5.33,5.3,,117.788,
2023-07-31,2.27,2.37,2.47,5.55,4.88,4.18,3.97,4.02,13.63,5.33,5.31,,117.8241,
2023-08-01,2.26,2.37,2.48,5.54,4.92,4.24,4.05,4.11,13.93,5.33,5.31,,118.5738,
2023-08-02,2.25,2.36,2.47,5.53,4.88,4.24,4.08,4.17,16.09,5.33,5.3,,119.1268,
2023-08-03,2.24,2.37,2.5,5.54,4.9,4.3,4.2,4.32,15.92,5.33,5.3,,119.3963,
2023-08-04,2.26,2.38,2.5,5.54,4.78,4.15,4.05,4.21,17.1,5.33,5.3,,118.821,
2023-08-07,2.29,2.41,2.53,5.56,4.76,4.16,4.09,4.27,15.77,5.33,5.3,,119.0809,
2023-08-08,2.24,2.36,2.48,5.57,4.74,4.1,4.02,4.2,15.99,5.33,5.3,,119.6407,
2023-08-09,2.23,2.34,2.45,5.55,4.79,4.12,4.0,4.18,15.96,5.33,5.3,,119.476,
2023-08-10,2.25,2.33,2.41,5.54,4.82,4.21,4.09,4.24,15.85,5.33,5.3,,119.1581,
2023-08-11,2.3,2.36,2.42,5.54,4.89,4.31,4.16,4.27,14.84,5.33,5.3,,119.6268,
2023-08-14,2.29,2.36,2.43,5.56,4.96,4.36,4.19,4.29,14.82,5.33,5.3,,120.0725,
2023-08-15,2.24,2.32,2.4,5.56,4.92,4.36,4.21,4.32,16.46,5.33,5.3,,120.2127,
2023-08-16,2.23,2.32,2.41,5.56,4.97,4.42,4.28,4.38,16.78,5.33,5.3,,120.3551,
2023-08-17,2.24,2.33,2.42,5.56,4.94,4.42,4.3,4.41,17.89,5.33,5.3,,120.5242,
2023-08-18,2.22,2.32,2.42,5.55,4.92,4.38,4.26,4.38,17.3,5.33,5.3,,120.4321,
2023-08-21,2.25,2.34,2.43,5.57,4.97,4.46,4.34,4.45,17.13,5.33,5.3,,120.4627,
2023-08-22,2.27,2.35,2.43,5.57,5.02,4.49,4.34,4.42,16.97,5.33,5.3,,120.3554,
2023-08-23,2.26,2.35,2.44,5.57,4.95,4.36,4.19,4.27,15.98,5.33,5.3,,120.0307,
2023-08-24,2.24,2.32,2.4,5.58,4.98,4.39,4.23,4.3,17.2,5.33,5.3,,120.2354,
2023-08-25,2.25,2.33,2.41,5.61,5.03,4.44,4.25,4.3,15.68,5.33,5.3,,120.5137,
2023-08-28,2.21,2.3,2.39,5.58,4.98,4.38,4.2,4.29,15.08,5.33,5.3,,120.3155,
2023-08-29,2.18,2.29,2.4,5.56,4.87,4.26,4.12,4.23,14.45,5.33,5.3,,120.2669,
2023-08-30,2.16,2.26,2.36,5.56,4.9,4.27,4.12,4.23,13.88,5.33,5.3,,119.7937,
2023-08-31,2.15,2.24,2.33,5.56,4.85,4.23,4.09,4.2,13.57,5.33,5.31,,120.225,
2023-09-01,2.17,2.26,2.35,5.53,4.87,4.29,4.18,4.29,13.09,5.33,5.31,,120.759,
2023-09-04,2.17,2.26,2.35,5.53,4.87,4.29,4.18,4.29,13.82,5.33,5.31,,120.759,
2023-09-05,2.21,2.29,2.37,5.55,4.94,4.37,4.27,4.38,14.01,5.33,5.31,,121.4345,3.83
2023-09-06,2.23,2.3,2.37,5.55,5.01,4.44,4.3,4.37,14.45,5.33,5.3,,121.8671,3.86
2023-09-07,2.24,2.32,2.4,5.53,4.94,4.38,4.27,4.36,14.4,5.33,5.31,,121.9528,3.9
2023-09-08,2.26,2.33,2.4,5.55,4.98,4.39,4.26,4.33,13.84,5.33,5.3,,121.9475,3.85
2023-09-11,2.26,2.35,2.44,5.55,4.97,4.4,4.29,4.37,13.8,5.33,5.3,,121.3386,3.82
2023-09-12,2.27,2.34,2.41,5.56,4.98,4.41,4.27,4.35,14.23,5.33,5.3,,121.2913,3.84
2023-09-13,2.28,2.35,2.42,5.55,4.96,4.39,4.25,4.34,13.48,5.33,5.3,,121.0549,3.85
2023-09-14,2.27,2.34,2.41,5.55,5.0,4.42,4.29,4.39,12.82,5.33,5.3,,121.2395,3.78
2023-09-15,2.27,2.35,2.43,5.56,5.02,4.45,4.33,4.42,13.79,5.33,5.31,,121.199,3.79
2023-09-18,2.29,2.36,2.43,5.55,5.05,4.46,4.32,4.4,14.0,5.33,5.31,,121.1938,3.82
2023-09-19,2.3,2.37,2.44,5.54,5.08,4.51,4.37,4.43,14.11,5.33,5.31,,121.1645,3.82
2023-09-20,2.27,2.35,2.43,5.56,5.12,4.52,4.35,4.4,15.14,5.33,5.3,,120.9648,3.77
2023-09-21,2.29,2.38,2.47,5.57,5.12,4.61,4.49,4.56,17.54,5.33,5.3,,121.5528,3.89
2023-09-22,2.29,2.37,2.45,5.56,5.1,4.57,4.44,4.53,17.2,5.33,5.3,,121.5306,3.93
2023-09-25,2.25,2.37,2.49,5.58,5.09,4.62,4.55,4.67,16.9,5.33,5.31,,122.1143,3.97
2023-09-26,2.2,2.33,2.46,5.58,5.04,4.62,4.56,4.7,18.94,5.33,5.31,,122.4742,4.04
2023-09-27,2.23,2.34,2.45,5.58,5.1,4.67,4.61,4.73,18.22,5.33,5.32,,122.9895,4.03
2023-09-28,2.27,2.39,2.51,5.56,5.04,4.62,4.59,4.71,17.34,5.33,5.31,,122.5342,4.09
2023-09-29,2.22,2.35,2.48,5.55,5.03,4.6,4.59,4.73,17.52,5.33,5.31,,122.3077,4.03
2023-10-02,2.23,2.35,2.47,5.62,5.12,4.72,4.69,4.81,17.61,5.33,5.32,,123.0545,4.11
2023-10-03,2.21,2.36,2.51,5.62,5.15,4.8,4.81,4.95,19.78,5.33,5.33,,123.7848,4.26
2023-10-04,2.18,2.33,2.48,5.61,5.05,4.72,4.73,4.87,18.58,5.33,5.32,,123.5946,4.37
2023-10-05,2.14,2.31,2.48,5.61,5.03,4.68,4.72,4.89,18.49,5.33,5.32,,123.8993,4.38
2023-10-06,2.17,2.31,2.45,5.63,5.08,4.75,4.78,4.95,17.45,5.33,5.31,,123.3563,4.33
2023-10-09,2.17,2.31,2.45,5.63,5.08,4.75,4.78,4.95,17.7,5.33,5.31,,123.3563,4.34
2023-10-10,2.18,2.32,2.46,5.61,4.96,4.62,4.66,4.85,17.03,5.33,5.31,,122.9282,4.26
2023-10-11,2.2,2.32,2.44,5.61,4.99,4.59,4.58,4.73,16.09,5.33,5.31,,122.7697,4.25
2023-10-12,2.23,2.34,2.45,5.63,5.06,4.69,4.7,4.86,16.69,5.33,5.31,,123.2101,4.25
2023-10-13,2.26,2.34,2.42,5.62,5.04,4.65,4.63,4.78,19.32,5.33,5.31,,123.5954,4.3
2023-10-16,2.3,2.38,2.46,5.61,5.09,4.72,4.71,4.87,17.21,5.33,5.31,,123.3185,4.27
2023-10-17,2.32,2.41,2.5,5.62,5.19,4.86,4.83,4.94,17.88,5.33,5.31,,123.1202,4.25
2023-10-18,2.35,2.44,2.53,5.61,5.19,4.92,4.91,5.0,19.22,5.33,5.3,,123.8148,4.32
2023-10-19,2.52,2.49,2.46,5.6,5.14,4.95,4.98,5.11,21.4,5.33,5.3,,123.798,4.37
2023-10-20,2.47,2.47,2.47,5.58,5.07,4.86,4.93,5.09,21.71,5.33,5.3,,123.612,4.52
2023-10-23,2.41,2.41,2.41,5.58,5.05,4.81,4.86,5.01,20.37,5.33,5.3,,123.2846,4.51
2023-10-24,2.38,2.4,2.42,5.58,5.02,4.82,4.83,4.96,18.97,5.33,5.3,,123.6416,4.41
2023-10-25,2.4,2.43,2.46,5.59,5.08,4.89,4.95,5.09,20.19,5.33,5.3,,123.7871,4.37
2023-10-26,2.37,2.42,2.47,5.59,5.02,4.79,4.86,5.01,20.68,5.33,5.31,,124.0064,4.5
2023-10-27,2.39,2.42,2.45,5.59,4.99,4.76,4.84,5.03,21.27,5.33,5.31,,123.62,4.53
2023-10-30,2.4,2.44,2.48,5.6,5.03,4.8,4.88,5.04,19.75,5.33,5.31,,123.4076,4.5
2023-10-31,2.4,2.42,2.44,5.59,5.07,4.82,4.88,5.04,18.14,5.33,5.35,,123.8364,4.42
2023-11-01,2.36,2.41,2.46,5.57,4.95,4.67,4.77,4.96,16.87,5.33,5.32,,123.7922,4.47
2023-11-02,2.35,2.4,2.45,5.54,4.98,4.65,4.67,4.82,15.66,5.33,5.33,,122.8818,4.15
2023-11-03,2.32,2.39,2.46,5.53,4.83,4.49,4.57,4.77,14.91,5.33,5.32,,121.7564,4.04
2023-11-06,2.35,2.42,2.49,5.56,4.93,4.6,4.67,4.84,14.89,5.33,5.32,,121.6484,4.0
2023-11-07,2.32,2.39,2.46,5.55,4.91,4.53,4.58,4.75,14.81,5.33,5.32,,122.0777,4.08
2023-11-08,2.29,2.34,2.39,5.54,4.93,4.51,4.49,4.64,14.45,5.33,5.32,,122.0926,4.08
2023-11-09,2.3,2.33,2.36,5.54,5.03,4.65,4.62,4.77,15.29,5.33,5.32,,122.1281,4.04
2023-11-10,2.28,2.32,2.36,5.53,5.04,4.65,4.61,4.73,14.17,5.33,5.32,,122.1281,4.03
2023-11-13,2.29,2.31,2.33,5.55,5.02,4.66,4.63,4.75,14.76,5.33,5.32,,122.4264,4.03
2023-11-14,2.23,2.28,2.33,5.52,4.8,4.42,4.44,4.61,14.16,5.33,5.32,,121.35,3.92
2023-11-15,2.24,2.31,2.38,5.53,4.9,4.52,4.53,4.68,14.18,5.33,5.32,,121.0749,3.89
2023-11-16,2.2,2.27,2.34,5.51,4.83,4.43,4.45,4.63,14.32,5.33,5.32,,121.1754,4.02
2023-11-17,2.23,2.28,2.33,5.5,4.88,4.45,4.44,4.59,13.8,5.33,5.32,,120.8477,3.99
2023-11-20,2.26,2.3,2.34,5.54,4.89,4.44,4.42,4.57,13.41,5.33,5.31,,120.2533,3.92
2023-11-21,2.19,2.25,2.31,5.53,4.86,4.41,4.41,4.57,13.35,5.33,5.31,,120.2241,3.95
2023-11-22,2.21,2.26,2.31,5.54,4.89,4.44,4.42,4.55,12.85,5.33,5.31,,120.6802,3.9
2023-11-23,2.21,2.26,2.31,5.54,4.89,4.44,4.42,4.55,12.8,5.33,5.31,,120.6802,3.9
2023-11-24,2.21,2.26,2.31,5.54,4.92,4.49,4.47,4.6,12.46,5.33,5.32,,120.2105,3.85
2023-11-27,2.12,2.21,2.3,5.49,4.84,4.38,4.39,4.53,12.69,5.33,5.32,,120.173,3.89
2023-11-28,2.15,2.22,2.29,5.47,4.73,4.29,4.34,4.52,12.69,5.33,5.32,,119.5904,3.9
2023-11-29,2.14,2.21,2.28,5.45,4.64,4.22,4.27,4.44,12.98,5.33,5.31,,119.8159,3.8
2023-11-30,2.15,2.23,2.31,5.45,4.73,4.31,4.37,4.54,12.92,5.33,5.33,,120.2434,3.84
2023-12-01,2.12,2.22,2.32,5.43,4.56,4.14,4.22,4.4,12.63,5.33,5.39,,119.9424,3.87
2023-12-04,2.13,2.21,2.29,5.46,4.64,4.23,4.28,4.43,13.08,5.33,5.37,,120.4727,3.8
2023-12-05,2.09,2.17,2.25,5.45,4.57,4.14,4.18,4.3,12.85,5.33,5.33,,120.7913,3.8
2023-12-06,2.05,2.14,2.23,5.45,4.6,4.12,4.12,4.22,12.97,5.33,5.32,,120.5334,3.79
2023-12-07,2.06,2.17,2.28,5.44,4.58,4.11,4.14,4.25,13.06,5.33,5.32,,120.6013,3.77
2023-12-08,2.11,2.21,2.31,5.44,4.71,4.24,4.23,4.31,12.35,5.33,5.32,,120.7607,3.75
2023-12-11,2.11,2.19,2.27,5.47,4.71,4.25,4.23,4.32,12.63,5.33,5.32,,120.9279,3.79
2023-12-12,2.08,2.16,2.24,5.46,4.73,4.23,4.2,4.3,12.07,5.33,5.31,,120.6817,3.76
2023-12-13,2.08,2.16,2.24,5.44,4.46,4.0,4.04,4.19,12.19,5.33,5.31,,121.1571,3.79
2023-12-14,2.18,2.22,2.26,5.43,4.37,3.9,3.92,4.03,12.48,5.33,5.31,,119.5683,3.47
2023-12-15,2.17,2.22,2.27,5.44,4.44,3.91,3.91,4.0,12.28,5.33,5.32,,119.7382,3.51
2023-12-18,2.18,2.21,2.24,5.46,4.43,3.94,3.95,4.05,12.56,5.33,5.32,,119.9102,3.51
2023-12-19,2.17,2.19,2.21,5.43,4.41,3.94,3.93,4.03,12.53,5.33,5.31,,119.4632,3.46
2023-12-20,2.16,2.19,2.22,5.44,4.34,3.86,3.86,3.98,13.67,5.33,5.31,,119.5435,3.43
2023-12-21,2.18,2.19,2.2,5.42,4.33,3.87,3.89,4.03,13.65,5.33,5.31,,119.3168,3.41
2023-12-22,2.16,2.19,2.22,5.44,4.31,3.87,3.9,4.05,13.03,5.33,5.32,,119.0625,3.39
2023-12-25,2.16,2.19,2.22,5.44,4.31,3.87,3.9,4.05,13.03,5.33,5.32,,119.0625,3.39
2023-12-26,2.17,2.18,2.19,5.45,4.26,3.89,3.89,4.04,12.99,5.33,5.35,,118.8875,3.37
2023-12-27,2.12,2.15,2.18,5.44,4.2,3.78,3.79,3.95,12.43,5.33,5.39,,118.4729,3.34
2023-12-28,2.11,2.16,2.21,5.45,4.26,3.83,3.84,3.98,12.47,5.33,5.4,,118.4104,3.32
2023-12-29,2.12,2.16,2.2,5.4,4.23,3.84,3.88,4.03,12.45,5.33,5.38,,118.4208,3.34
2024-01-01,2.12,2.16,2.2,5.4,4.23,3.84,3.88,4.03,12.45,5.33,5.38,,118.4208,3.39
2024-01-02,2.17,2.21,2.25,5.46,4.33,3.93,3.95,4.08,13.2,5.33,5.4,,119.2686,3.54
2024-01-03,2.17,2.2,2.23,5.48,4.33,3.9,3.91,4.05,14.04,5.33,5.39,,119.6958,3.71
2024-01-04,2.18,2.22,2.26,5.48,4.38,3.97,3.99,4.13,14.13,5.33,5.32,,119.6208,3.69
2024-01-05,2.19,2.22,2.25,5.47,4.4,4.02,4.05,4.21,13.35,5.33,5.31,,119.388,3.68
2024-01-08,2.19,2.22,2.25,5.49,4.36,3.97,4.01,4.17,13.08,5.33,5.31,,119.2506,3.63
2024-01-09,2.17,2.22,2.27,5.47,4.36,3.97,4.02,4.18,12.76,5.33,5.31,,119.6666,3.59
2024-01-10,2.18,2.22,2.26,5.46,4.37,3.99,4.04,4.2,12.69,5.33,5.31,,119.7614,3.5
2024-01-11,2.18,2.22,2.26,5.46,4.26,3.9,3.98,4.18,12.44,5.33,5.31,,119.8916,3.55
2024-01-12,2.22,2.27,2.32,5.45,4.14,3.84,3.96,4.2,12.7,5.33,5.31,,119.534,3.56
2024-01-15,2.22,2.27,2.32,5.45,4.14,3.84,3.96,4.2,13.25,5.33,5.31,,119.534,3.54
2024-01-16,2.24,2.3,2.36,5.45,4.22,3.95,4.07,4.3,13.84,5.33,5.32,,120.5759,3.58
2024-01-17,2.24,2.3,2.36,5.47,4.34,4.02,4.1,4.31,14.79,5.33,5.32,,121.0402,3.62
2024-01-18,2.28,2.34,2.4,5.45,4.34,4.04,4.14,4.37,14.13,5.33,5.31,,120.8895,3.58
2024-01-19,2.3,2.34,2.38,5.45,4.39,4.08,4.15,4.36,13.3,5.33,5.31,,120.6442,3.54
2024-01-22,2.27,2.31,2.35,5.46,4.37,4.03,4.11,4.32,13.19,5.33,5.31,,120.6178,3.49
2024-01-23,2.26,2.29,2.32,5.45,4.31,4.06,4.14,4.38,12.55,5.33,5.31,,121.1001,3.51
2024-01-24,2.23,2.3,2.37,5.44,4.34,4.06,4.18,4.41,13.14,5.33,5.31,,120.4916,3.44
2024-01-25,2.24,2.29,2.34,5.44,4.28,4.01,4.14,4.38,13.45,5.33,5.32,,120.8311,3.45
2024-01-26,2.26,2.3,2.34,5.44,4.34,4.04,4.15,4.38,13.26,5.33,5.32,,120.6173,3.39
2024-01-29,2.26,2.3,2.34,5.42,4.29,3.97,4.08,4.31,13.6,5.33,5.31,,120.8538,3.41
2024-01-30,2.25,2.26,2.27,5.42,4.36,4.0,4.06,4.28,13.31,5.33,5.31,,120.6025,3.42
2024-01-31,2.24,2.26,2.28,5.42,4.27,3.91,3.99,4.22,14.35,5.33,5.32,,120.4331,3.59
2024-02-01,2.17,2.19,2.21,5.42,4.2,3.8,3.87,4.1,13.88,5.33,5.32,,120.3335,3.56
2024-02-02,2.19,2.21,2.23,5.43,4.36,3.99,4.03,4.22,13.85,5.33,5.32,,120.902,3.47
2024-02-05,2.26,2.27,2.28,5.42,4.46,4.13,4.17,4.35,13.67,5.33,5.31,,121.349,3.5
2024-02-06,2.24,2.24,2.24,5.44,4.39,4.03,4.09,4.29,13.06,5.33,5.31,,120.9588,3.52
2024-02-07,2.26,2.23,2.2,5.43,4.41,4.06,4.09,4.31,12.83,5.33,5.31,,120.9049,3.43
2024-02-08,2.28,2.24,2.2,5.44,4.46,4.12,4.15,4.36,12.79,5.33,5.31,,121.0798,3.38
2024-02-09,2.28,2.25,2.22,5.44,4.48,4.14,4.17,4.37,12.93,5.33,5.31,,121.039,3.33
2024-02-12,2.27,2.24,2.21,5.43,4.46,4.13,4.17,4.37,13.93,5.33,5.31,,120.9378,3.35
2024-02-13,2.33,2.29,2.25,5.45,4.64,4.31,4.31,4.46,15.85,5.33,5.31,,121.5202,3.36
2024-02-14,2.34,2.3,2.26,5.43,4.56,4.25,4.27,4.45,14.38,5.33,5.3,,121.4002,3.38
2024-02-15,2.35,2.3,2.25,5.43,4.56,4.22,4.24,4.42,14.01,5.33,5.31,,121.2121,3.35
2024-02-16,2.38,2.33,2.28,5.44,4.64,4.29,4.3,4.45,14.24,5.33,5.3,,121.1505,3.34
2024-02-19,2.38,2.33,2.28,5.44,4.64,4.29,4.3,4.45,14.71,5.33,5.3,,121.1505,3.34
2024-02-20,2.37,2.32,2.27,5.44,4.59,4.25,4.27,4.44,15.42,5.33,5.3,,121.0199,3.37
2024-02-21,2.39,2.34,2.29,5.44,4.64,4.3,4.32,4.49,15.34,5.33,5.3,,121.0379,3.34
2024-02-22,2.37,2.31,2.25,5.45,4.69,4.33,4.33,4.47,14.54,5.33,5.3,,121.102,3.22
2024-02-23,2.34,2.3,2.26,5.46,4.67,4.28,4.26,4.37,13.75,5.33,5.31,,121.0369,3.23
2024-02-26,2.36,2.31,2.26,5.47,4.69,4.29,4.28,4.4,13.74,5.33,5.31,,121.0592,3.23
2024-02-27,2.38,2.32,2.26,5.45,4.7,4.32,4.31,4.44,13.43,5.33,5.31,,120.9647,3.26
2024-02-28,2.38,2.33,2.28,5.45,4.64,4.26,4.27,4.4,13.84,5.33,5.31,,121.128,3.31
2024-02-29,2.4,2.33,2.26,5.45,4.64,4.26,4.25,4.38,13.4,5.33,5.32,,121.1824,3.29
2024-03-01,2.4,2.32,2.24,5.42,4.54,4.17,4.19,4.33,13.11,5.33,5.31,,121.0111,3.32
2024-03-04,2.42,2.34,2.26,5.48,4.61,4.21,4.22,4.36,13.49,5.33,5.31,,120.872,3.26
2024-03-05,2.39,2.32,2.25,5.47,4.54,4.13,4.13,4.27,14.46,5.33,5.31,,120.8846,3.31
2024-03-06,2.38,2.3,2.22,5.47,4.55,4.12,4.11,4.24,14.5,5.33,5.31,,120.4649,3.27
2024-03-07,2.34,2.28,2.22,5.47,4.5,4.07,4.09,4.25,14.44,5.33,5.31,,120.1909,3.27
2024-03-08,2.34,2.28,2.22,5.46,4.48,4.06,4.09,4.26,14.74,5.33,5.31,,119.975,3.26
2024-03-11,2.32,2.27,2.22,5.48,4.51,4.08,4.1,4.26,15.22,5.33,5.31,,120.0394,3.26
2024-03-12,2.35,2.3,2.25,5.48,4.58,4.15,4.16,4.31,13.84,5.33,5.31,,120.1668,3.2
2024-03-13,2.37,2.3,2.23,5.48,4.61,4.19,4.19,4.35,13.75,5.33,5.31,,119.9642,3.15
2024-03-14,2.37,2.3,2.23,5.48,4.68,4.29,4.29,4.44,14.4,5.33,5.31,,120.241,3.15
2024-03-15,2.39,2.32,2.25,5.48,4.72,4.33,4.31,4.43,14.41,5.33,5.31,,120.4003,3.16
2024-03-18,2.39,2.31,2.23,5.48,4.73,4.36,4.34,4.46,14.33,5.33,5.31,,120.5752,3.13
2024-03-19,2.38,2.3,2.22,5.48,4.68,4.31,4.3,4.44,13.82,5.33,5.31,,120.9332,3.1
2024-03-20,2.4,2.31,2.22,5.47,4.59,4.25,4.27,4.45,13.04,5.33,5.31,,120.9289,3.14
2024-03-21,2.43,2.34,2.25,5.48,4.62,4.26,4.27,4.44,12.92,5.33,5.31,,120.8086,3.05
2024-03-22,2.41,2.35,2.29,5.46,4.59,4.2,4.22,4.39,13.06,5.33,5.31,,121.1842,3.08
2024-03-25,2.41,2.33,2.25,5.46,4.54,4.23,4.25,4.42,13.19,5.33,5.31,,121.0295,3.11
2024-03-26,2.38,2.32,2.26,5.46,4.56,4.22,4.24,4.4,13.24,5.33,5.32,,121.0742,3.15
2024-03-27,2.37,2.32,2.27,5.45,4.54,4.18,4.2,4.36,12.78,5.33,5.33,,121.0089,3.15
2024-03-28,2.38,2.32,2.26,5.46,4.59,4.21,4.2,4.34,13.01,5.33,5.34,,121.0635,3.12
2024-03-29,2.38,2.32,2.26,5.46,4.59,4.21,4.2,4.34,13.01,5.33,5.34,,121.0191,3.12
2024-04-01,2.41,2.35,2.29,5.44,4.72,4.34,4.33,4.47,13.65,5.33,5.35,,121.5151,3.12
2024-04-02,2.44,2.36,2.28,5.42,4.7,4.35,4.36,4.51,14.61,5.33,5.34,,121.3035,3.23
2024-04-03,2.43,2.36,2.29,5.42,4.68,4.34,4.36,4.51,14.33,5.33,5.32,,121.0198,3.23
2024-04-04,2.42,2.34,2.26,5.41,4.65,4.3,4.31,4.47,16.35,5.33,5.32,,120.7613,3.24
2024-04-05,2.45,2.37,2.29,5.43,4.73,4.38,4.39,4.54,16.03,5.33,5.32,,120.9646,3.18
2024-04-08,2.47,2.38,2.29,5.43,4.78,4.43,4.42,4.55,15.19,5.33,5.31,,120.7359,3.15
2024-04-09,2.44,2.36,2.28,5.43,4.74,4.37,4.36,4.5,14.98,5.33,5.31,,120.7048,3.14
2024-04-10,2.49,2.4,2.31,5.45,4.97,4.61,4.55,4.64,15.8,5.33,5.31,,121.5727,3.1
2024-04-11,2.48,2.4,2.32,5.45,4.93,4.61,4.56,4.65,14.91,5.33,5.31,,121.6081,3.16
2024-04-12,2.47,2.39,2.31,5.45,4.88,4.54,4.5,4.61,17.31,5.33,5.31,,122.2885,3.25
2024-04-15,2.52,2.43,2.34,5.45,4.93,4.65,4.63,4.74,19.23,5.33,5.32,,122.425,3.28
2024-04-16,2.52,2.43,2.34,5.45,4.97,4.69,4.67,4.77,18.4,5.33,5.31,,123.1234,3.36
2024-04-17,2.47,2.39,2.31,5.45,4.93,4.62,4.59,4.71,18.21,5.33,5.31,,123.0207,3.42
2024-04-18,2.44,2.4,2.36,5.46,4.98,4.68,4.64,4.74,18.0,5.33,5.3,,123.0017,3.39
2024-04-19,2.44,2.41,2.38,5.45,4.97,4.66,4.62,4.72,18.71,5.33,5.31,,123.1075,3.37
2024-04-22,2.45,2.41,2.37,5.42,4.97,4.66,4.62,4.72,16.94,5.33,5.31,,123.0609,3.29
2024-04-23,2.44,2.41,2.38,5.45,4.86,4.63,4.61,4.73,15.69,5.33,5.31,,122.7227,3.2
2024-04-24,2.42,2.41,2.4,5.46,4.89,4.64,4.65,4.78,15.97,5.33,5.31,,122.89,3.19
2024-04-25,2.43,2.42,2.41,5.47,4.96,4.7,4.7,4.82,15.37,5.33,5.31,,122.8384,3.24
2024-04-26,2.44,2.43,2.42,5.46,4.96,4.68,4.67,4.78,15.03,5.33,5.32,,122.9471,3.16
2024-04-29,2.43,2.41,2.39,5.45,4.97,4.65,4.63,4.75,14.67,5.33,5.32,,122.5449,3.12
2024-04-30,2.43,2.41,2.39,5.46,5.04,4.72,4.69,4.79,15.65,5.33,5.34,,122.9853,3.18
2024-05-01,2.39,2.38,2.37,5.46,4.96,4.64,4.63,4.74,15.39,5.33,5.32,,123.0168,3.21
2024-05-02,2.37,2.37,2.37,5.46,4.87,4.57,4.58,4.72,14.68,5.33,5.31,,122.4384,3.16
2024-05-03,2.35,2.35,2.35,5.45,4.81,4.48,4.5,4.66,13.49,5.33,5.31,,122.1375,3.08
2024-05-06,2.34,2.35,2.36,5.45,4.82,4.48,4.49,4.64,13.49,5.33,5.31,,121.8913,3.03
2024-05-07,2.32,2.32,2.32,5.45,4.82,4.48,4.47,4.61,13.23,5.33,5.31,,122.093,3.06
2024-05-08,2.31,2.31,2.31,5.45,4.84,4.5,4.48,4.64,13.0,5.33,5.31,,122.1926,3.1
2024-05-09,2.34,2.32,2.3,5.46,4.8,4.47,4.45,4.6,12.69,5.33,5.31,,122.1634,3.14
2024-05-10,2.34,2.34,2.34,5.47,4.87,4.52,4.5,4.64,12.55,5.33,5.31,,122.014,3.12
2024-05-13,2.33,2.33,2.33,5.45,4.85,4.5,4.48,4.63,13.6,5.33,5.31,,122.0261,3.14
2024-05-14,2.32,2.33,2.34,5.44,4.81,4.46,4.45,4.59,13.42,5.33,5.31,,121.9256,3.14
2024-05-15,2.29,2.31,2.33,5.45,4.73,4.35,4.36,4.52,12.45,5.33,5.31,,121.3543,3.13
2024-05-16,2.3,2.31,2.32,5.45,4.78,4.4,4.38,4.52,12.42,5.33,5.31,,121.2236,3.08
2024-05-17,2.32,2.32,2.32,5.46,4.83,4.44,4.42,4.56,11.99,5.33,5.31,,121.2354,3.09
2024-05-20,2.33,2.33,2.33,5.45,4.82,4.46,4.44,4.58,12.15,5.33,5.31,,121.2289,3.07
2024-05-21,2.33,2.32,2.31,5.45,4.82,4.43,4.41,4.55,11.86,5.33,5.31,,121.3793,3.07
2024-05-22,2.33,2.33,2.33,5.45,4.86,4.47,4.43,4.55,12.29,5.33,5.31,,121.5462,3.11
2024-05-23,2.31,2.3,2.29,5.46,4.91,4.52,4.47,4.58,12.77,5.33,5.31,,121.7477,3.1
2024-05-24,2.33,2.32,2.31,5.46,4.93,4.53,4.46,4.57,11.93,5.33,5.32,,121.6172,3.11
2024-05-27,2.33,2.32,2.31,5.46,4.93,4.53,4.46,4.57,12.36,5.33,5.32,,121.6172,3.12
2024-05-28,2.33,2.34,2.35,5.46,4.94,4.56,4.54,4.66,12.92,5.33,5.32,,121.43,3.09
2024-05-29,2.36,2.36,2.36,5.46,4.96,4.63,4.61,4.74,14.28,5.33,5.33,,122.1641,3.15
2024-05-30,2.35,2.36,2.37,5.46,4.92,4.57,4.55,4.69,14.47,5.33,5.33,,121.9601,3.19
2024-05-31,2.34,2.35,2.36,5.46,4.89,4.52,4.51,4.65,12.92,5.33,5.34,,122.098,3.2
2024-06-03,2.31,2.33,2.35,5.52,4.82,4.42,4.41,4.55,13.11,5.33,5.35,,122.3509,3.17
2024-06-04,2.28,2.31,2.34,5.52,4.77,4.35,4.33,4.48,13.16,5.33,5.33,,122.7256,3.22
2024-06-05,2.27,2.3,2.33,5.51,4.72,4.31,4.29,4.44,12.63,5.33,5.33,,122.5339,3.2
2024-06-06,2.25,2.28,2.31,5.51,4.72,4.29,4.28,4.43,12.58,5.33,5.33,,122.3713,3.2
2024-06-07,2.28,2.3,2.32,5.52,4.87,4.46,4.43,4.55,12.22,5.33,5.33,,123.549,3.15
2024-06-10,2.27,2.31,2.35,5.52,4.87,4.48,4.47,4.59,12.74,5.33,5.32,,123.9125,3.15
2024-06-11,2.25,2.27,2.29,5.52,4.81,4.41,4.39,4.53,12.85,5.33,5.32,,124.0349,3.19
2024-06-12,2.17,2.22,2.27,5.51,4.75,4.32,4.31,4.47,12.04,5.33,5.31,,123.8295,3.09
2024-06-13,2.14,2.21,2.28,5.51,4.68,4.24,4.24,4.4,11.94,5.33,5.31,,124.0235,3.2
2024-06-14,2.11,2.17,2.23,5.51,4.67,4.22,4.2,4.34,12.66,5.33,5.31,,124.1694,3.29
2024-06-17,2.16,2.22,2.28,5.52,4.75,4.3,4.28,4.4,12.75,5.33,5.33,,124.239,3.26
2024-06-18,2.17,2.21,2.25,5.5,4.69,4.24,4.22,4.36,12.3,5.33,5.33,,123.9776,3.24
2024-06-19,2.17,2.21,2.25,5.5,4.69,4.24,4.22,4.36,12.48,5.33,5.33,,123.9776,3.24
2024-06-20,2.21,2.25,2.29,5.5,4.7,4.26,4.25,4.39,13.28,5.33,5.32,,124.192,3.23
2024-06-21,2.19,2.23,2.27,5.49,4.7,4.26,4.25,4.39,13.2,5.33,5.31,,124.1086,3.21
2024-06-24,2.18,2.22,2.26,5.5,4.71,4.27,4.25,4.38,13.33,5.33,5.31,,123.7125,3.19
2024-06-25,2.17,2.22,2.27,5.49,4.65,4.25,4.23,4.36,12.84,5.33,5.33,,123.9417,3.19
2024-06-26,2.2,2.26,2.32,5.5,4.71,4.32,4.32,4.45,12.55,5.33,5.34,,124.26,3.18
2024-06-27,2.22,2.26,2.3,5.49,4.7,4.29,4.29,4.43,12.24,5.33,5.34,,124.3379,3.21
2024-06-28,2.24,2.28,2.32,5.48,4.71,4.33,4.36,4.51,12.44,5.33,5.33,,124.2103,3.18
2024-07-01,2.29,2.32,2.35,5.47,4.77,4.44,4.48,4.64,12.22,5.33,5.4,,124.4667,3.21
2024-07-02,2.26,2.3,2.34,5.47,4.74,4.39,4.43,4.6,12.03,5.33,5.35,,124.2917,3.23
2024-07-03,2.23,2.27,2.31,5.47,4.71,4.33,4.36,4.53,12.09,5.33,5.33,,123.7768,3.25
2024-07-04,2.23,2.27,2.31,5.47,4.71,4.33,4.36,4.53,12.26,5.33,5.33,,123.7768,3.25
2024-07-05,2.22,2.28,2.34,5.46,4.6,4.22,4.28,4.47,12.48,5.33,5.32,,123.4762,3.27
2024-07-08,2.22,2.27,2.32,5.46,4.62,4.23,4.28,4.46,12.37,5.33,5.32,,123.3576,3.2
2024-07-09,2.21,2.26,2.31,5.46,4.62,4.24,4.3,4.49,12.51,5.33,5.34,,123.4071,3.21
2024-07-10,2.22,2.27,2.32,5.46,4.62,4.24,4.28,4.47,12.85,5.33,5.34,,123.1895,3.17
2024-07-11,2.18,2.25,2.32,5.44,4.5,4.13,4.2,4.41,12.92,5.33,5.34,,122.769,3.18
2024-07-12,2.15,2.24,2.33,5.43,4.45,4.1,4.18,4.39,12.46,5.33,5.34,,122.4404,3.19
2024-07-15,2.2,2.27,2.34,5.43,4.44,4.13,4.23,4.46,13.12,5.33,5.34,,122.6347,3.13
2024-07-16,2.2,2.26,2.32,5.43,4.43,4.09,4.17,4.38,13.19,5.33,5.35,,122.7264,3.08
2024-07-17,2.19,2.26,2.33,5.43,4.42,4.07,4.16,4.37,14.48,5.33,5.35,,122.518,3.09
2024-07-18,2.19,2.31,2.43,5.43,4.46,4.11,4.2,4.41,15.93,5.33,5.34,,122.7909,3.09
2024-07-19,2.18,2.32,2.46,5.43,4.49,4.16,4.25,4.45,16.52,5.33,5.34,,123.147,3.09
2024-07-22,2.18,2.3,2.42,5.43,4.5,4.17,4.26,4.48,14.91,5.33,5.33,,123.2172,3.05
2024-07-23,2.17,2.29,2.41,5.41,4.4,4.15,4.25,4.48,14.72,5.33,5.34,,123.3843,3.02
2024-07-24,2.13,2.28,2.43,5.4,4.37,4.12,4.28,4.54,18.04,5.33,5.34,,123.5575,3.1
2024-07-25,2.13,2.28,2.43,5.39,4.41,4.13,4.27,4.5,18.46,5.33,5.35,,123.5286,3.08
2024-07-26,2.13,2.27,2.41,5.38,4.36,4.06,4.2,4.45,16.39,5.33,5.35,,123.672,3.1
2024-07-29,2.13,2.25,2.37,5.41,4.36,4.05,4.17,4.42,16.6,5.33,5.33,,124.1392,3.13
2024-07-30,2.12,2.25,2.38,5.4,4.35,4.03,4.15,4.4,17.69,5.33,5.33,,124.2855,3.2
2024-07-31,2.13,2.24,2.35,5.41,4.29,3.97,4.09,4.35,16.36,5.33,5.38,,123.6373,3.25
2024-08-01,2.06,2.2,2.34,5.37,4.16,3.84,3.99,4.27,18.59,5.33,5.35,,123.8693,3.35
2024-08-02,1.89,2.04,2.19,5.29,3.88,3.62,3.8,4.11,23.39,5.33,5.35,,123.4681,3.72
2024-08-05,1.91,2.07,2.23,5.35,3.89,3.62,3.78,4.06,38.57,5.33,5.32,,123.5787,3.93
2024-08-06,1.96,2.12,2.28,5.34,3.99,3.73,3.9,4.18,27.71,5.33,5.33,,123.6532,3.67
2024-08-07,1.97,2.11,2.25,5.34,4.0,3.79,3.96,4.26,27.85,5.33,5.33,,123.5698,3.57
2024-08-08,1.98,2.12,2.26,5.34,4.04,3.83,3.99,4.28,23.79,5.33,5.34,,123.4466,3.48
2024-08-09,1.96,2.1,2.24,5.33,4.05,3.8,3.94,4.23,20.37,5.33,5.34,,122.9276,3.49
2024-08-12,1.98,2.11,2.24,5.33,4.01,3.75,3.9,4.19,20.71,5.33,5.34,,123.2204,3.52
2024-08-13,1.96,2.09,2.22,5.32,3.93,3.68,3.85,4.16,18.12,5.33,5.34,,123.0146,3.54
2024-08-14,1.93,2.06,2.19,5.32,3.94,3.67,3.83,4.12,16.19,5.33,5.33,,122.4297,3.46
2024-08-15,1.99,2.12,2.25,5.34,4.08,3.79,3.92,4.18,15.23,5.33,5.35,,122.5844,3.31
2024-08-16,1.97,2.08,2.19,5.33,4.06,3.77,3.89,4.15,14.8,5.33,5.32,,122.3972,3.29
2024-08-19,1.94,2.07,2.2,5.31,4.06,3.75,3.86,4.11,14.65,5.33,5.32,,121.8788,3.21
2024-08-20,1.95,2.07,2.19,5.29,3.99,3.7,3.82,4.07,15.88,5.33,5.32,,121.7728,3.25
2024-08-21,1.94,2.07,2.2,5.26,3.92,3.64,3.79,4.06,16.27,5.33,5.31,,121.8535,3.27
2024-08-22,1.96,2.1,2.24,5.28,3.99,3.72,3.86,4.13,17.55,5.33,5.31,,122.3626,3.21
2024-08-23,2.01,2.13,2.25,5.25,3.9,3.65,3.81,4.1,15.86,5.33,5.33,,121.4597,3.19
2024-08-26,2.02,2.15,2.28,5.24,3.91,3.66,3.82,4.11,16.15,5.33,5.34,,121.6943,3.15
2024-08-27,2.02,2.15,2.28,5.23,3.83,3.66,3.83,4.13,15.43,5.33,5.35,,121.8672,3.17
2024-08-28,1.99,2.15,2.31,5.21,3.83,3.63,3.84,4.13,17.11,5.33,5.35,,121.8943,3.19
2024-08-29,2.01,2.16,2.31,5.22,3.87,3.66,3.87,4.15,15.65,5.33,5.33,,122.2333,3.15
2024-08-30,2.01,2.15,2.29,5.21,3.91,3.71,3.91,4.2,15.0,5.33,5.32,,122.3262,3.13
2024-09-02,2.01,2.15,2.29,5.21,3.91,3.71,3.91,4.2,15.55,5.33,5.32,,122.3262,3.17
2024-09-03,1.95,2.11,2.27,5.19,3.88,3.65,3.84,4.13,20.72,5.33,5.34,,122.7811,3.31
2024-09-04,1.9,2.07,2.24,5.18,3.76,3.56,3.77,4.06,21.32,5.33,5.35,,122.5144,3.35
2024-09-05,1.87,2.03,2.19,5.15,3.75,3.54,3.73,4.02,19.9,5.33,5.35,,122.4533,3.29
2024-09-06,1.86,2.03,2.2,5.13,3.66,3.5,3.72,4.03,22.38,5.33,5.34,,122.4991,3.39
2024-09-09,1.88,2.04,2.2,5.11,3.68,3.49,3.7,4.0,19.45,5.33,5.34,,122.7156,3.36
2024-09-10,1.86,2.02,2.18,5.06,3.59,3.43,3.65,3.97,19.08,5.33,5.33,,123.0071,3.46
2024-09-11,1.9,2.04,2.18,5.1,3.62,3.45,3.65,3.96,17.69,5.33,5.32,,122.7754,3.44
2024-09-12,1.93,2.05,2.17,5.06,3.64,3.47,3.68,4.0,17.07,5.33,5.33,,122.4423,3.39
2024-09-13,1.95,2.08,2.21,4.97,3.57,3.43,3.66,3.98,16.56,5.33,5.33,,121.6551,3.37
2024-09-16,1.94,2.09,2.24,4.96,3.56,3.41,3.63,3.94,17.14,5.33,5.38,,121.4976,3.32
2024-09-17,1.97,2.12,2.27,4.95,3.59,3.44,3.65,3.96,17.61,5.33,5.38,,121.6031,3.25
2024-09-18,1.98,2.12,2.26,4.84,3.61,3.47,3.7,4.03,18.23,5.33,5.33,,121.5618,3.21
2024-09-19,2.04,2.17,2.3,4.8,3.59,3.49,3.73,4.06,16.33,4.83,4.82,,121.3059,3.1
2024-09-20,2.02,2.15,2.28,4.75,3.55,3.48,3.73,4.07,16.15,4.83,4.83,,121.4052,3.15
2024-09-23,2.04,2.17,2.3,4.72,3.57,3.51,3.75,4.09,15.89,4.83,4.83,,121.4303,3.15
2024-09-24,2.06,2.19,2.32,4.69,3.49,3.47,3.74,4.09,15.39,4.83,4.84,,121.1291,3.21
2024-09-25,2.06,2.18,2.3,4.69,3.53,3.52,3.79,4.14,15.41,4.83,4.84,,121.4447,3.19
2024-09-26,2.03,2.16,2.29,4.68,3.6,3.55,3.79,4.12,15.37,4.83,4.83,,121.0785,3.14
2024-09-27,2.03,2.15,2.27,4.68,3.55,3.5,3.75,4.1,16.96,4.83,4.84,,121.1111,3.14
2024-09-30,2.07,2.18,2.29,4.73,3.66,3.58,3.81,4.14,16.73,4.83,4.96,,121.2864,3.03
2024-10-01,2.07,2.19,2.31,4.71,3.61,3.51,3.74,4.08,19.26,4.83,5.05,,121.6881,3.07
2024-10-02,2.1,2.21,2.32,4.69,3.63,3.55,3.79,4.14,18.9,4.83,4.92,,121.5724,3.06
2024-10-03,2.11,2.21,2.31,4.68,3.7,3.62,3.85,4.18,20.49,4.83,4.85,,122.1197,3.04
2024-10-04,2.14,2.23,2.32,4.73,3.93,3.81,3.98,4.26,19.21,4.83,4.83,,122.2197,2.89
2024-10-07,2.17,2.27,2.37,4.77,3.99,3.86,4.03,4.3,22.64,4.83,4.83,,122.4241,2.95
2024-10-08,2.17,2.27,2.37,4.75,3.98,3.86,4.04,4.32,21.42,4.83,4.84,,122.6625,2.99
2024-10-09,2.21,2.29,2.37,4.75,3.99,3.91,4.06,4.34,20.86,4.83,4.83,,122.8821,2.94
2024-10-10,2.26,2.33,2.4,4.75,3.98,3.91,4.09,4.38,20.93,4.83,4.82,,123.0951,2.99
2024-10-11,2.25,2.33,2.41,4.73,3.95,3.88,4.08,4.39,20.46,4.83,4.81,,122.9805,2.98
2024-10-14,2.25,2.33,2.41,4.73,3.95,3.88,4.08,4.39,19.7,4.83,4.81,,122.9805,2.97
2024-10-15,2.22,2.28,2.34,4.73,3.95,3.86,4.03,4.32,20.64,4.83,4.86,,123.5124,2.93
2024-10-16,2.19,2.27,2.35,4.72,3.93,3.84,4.02,4.3,19.58,4.83,4.86,,123.9235,2.9
2024-10-17,2.22,2.3,2.38,4.74,3.96,3.9,4.09,4.39,19.11,4.83,4.85,,124.1122,2.89
2024-10-18,2.23,2.31,2.39,4.73,3.95,3.88,4.08,4.38,18.03,4.83,4.84,,123.9185,2.88
2024-10-21,2.23,2.31,2.39,4.73,4.02,3.98,4.19,4.49,18.37,4.83,4.82,,124.4757,2.88
2024-10-22,2.25,2.33,2.41,4.72,4.03,4.0,4.2,4.49,18.2,4.83,4.83,,124.4107,2.92
2024-10-23,2.23,2.31,2.39,4.73,4.07,4.05,4.24,4.51,19.24,4.83,4.83,,124.6931,2.95
2024-10-24,2.33,2.3,2.27,4.7,4.07,4.03,4.21,4.47,19.08,4.83,4.83,,124.5127,2.93
2024-10-25,2.32,2.29,2.26,4.73,4.11,4.07,4.25,4.51,20.33,4.83,4.83,,124.6105,2.89
2024-10-28,2.31,2.29,2.27,4.7,4.12,4.11,4.28,4.53,19.8,4.83,4.82,,124.8076,2.82
2024-10-29,2.33,2.3,2.27,4.7,4.11,4.11,4.28,4.52,19.34,4.83,4.82,,124.8612,2.85
2024-10-30,2.37,2.34,2.31,4.67,4.15,4.14,4.29,4.49,20.35,4.83,4.81,,124.8153,2.8
2024-10-31,2.38,2.33,2.28,4.64,4.16,4.15,4.28,4.47,23.16,4.83,4.9,,124.7988,2.88
2024-11-01,2.37,2.33,2.29,4.61,4.21,4.22,4.37,4.57,21.88,4.83,4.86,,124.8076,2.83
2024-11-04,2.32,2.28,2.24,4.65,4.17,4.17,4.31,4.5,21.98,4.83,4.82,,124.5903,2.87
2024-11-05,2.32,2.27,2.22,4.64,4.19,4.16,4.26,4.44,20.49,4.83,4.82,,124.5532,2.86
2024-11-06,2.46,2.38,2.3,4.64,4.27,4.27,4.42,4.6,16.27,4.83,4.81,,125.7035,2.74
2024-11-07,2.4,2.33,2.26,4.63,4.21,4.17,4.31,4.52,15.2,4.83,4.82,,124.775,2.73
2024-11-08,2.43,2.35,2.27,4.63,4.26,4.2,4.3,4.47,14.94,4.58,4.6,,125.5811,2.63
2024-11-11,2.43,2.35,2.27,4.63,4.26,4.2,4.3,4.47,14.97,4.58,4.6,,125.5811,2.63
2024-11-12,2.43,2.35,2.27,4.63,4.34,4.32,4.43,4.58,14.71,4.58,4.6,,126.7762,2.61
2024-11-13,2.42,2.35,2.28,4.6,4.27,4.3,4.44,4.63,14.02,4.58,4.59,,126.9572,2.64
2024-11-14,2.4,2.33,2.26,4.61,4.34,4.32,4.43,4.58,14.31,4.58,4.58,,127.0015,2.6
2024-11-15,2.39,2.33,2.27,4.6,4.31,4.3,4.43,4.6,16.14,4.58,4.57,,126.8848,2.72
2024-11-18,2.41,2.34,2.27,4.63,4.29,4.28,4.42,4.61,15.58,4.58,4.57,,126.6045,2.72
2024-11-19,2.41,2.34,2.27,4.62,4.27,4.25,4.39,4.57,16.35,4.58,4.57,,126.3994,2.69
2024-11-20,2.43,2.35,2.27,4.62,4.31,4.28,4.41,4.59,17.16,4.58,4.56,,126.88,2.67
2024-11-21,2.42,2.34,2.26,4.63,4.34,4.3,4.43,4.61,16.87,4.58,4.57,,127.1047,2.61
2024-11-22,2.43,2.34,2.25,4.63,4.37,4.3,4.41,4.6,15.24,4.58,4.57,,127.4712,2.61
2024-11-25,2.35,2.29,2.23,4.62,4.21,4.17,4.27,4.45,14.6,4.58,4.58,,126.9948,2.64
2024-11-26,2.33,2.28,2.23,4.61,4.21,4.17,4.3,4.48,14.1,4.58,4.58,,127.4301,2.68
2024-11-27,2.32,2.26,2.2,4.6,4.19,4.11,4.25,4.44,14.1,4.58,4.57,,126.8205,2.69
2024-11-28,2.32,2.26,2.2,4.6,4.19,4.11,4.25,4.44,13.9,4.58,4.57,,126.8205,2.69
2024-11-29,2.33,2.26,2.19,4.58,4.13,4.05,4.18,4.36,13.51,4.58,4.59,,126.5798,2.72
2024-12-02,2.33,2.26,2.19,4.51,4.17,4.08,4.19,4.36,13.34,4.58,4.64,,127.1272,2.68
2024-12-03,2.36,2.28,2.2,4.49,4.17,4.11,4.23,4.4,13.3,4.58,4.64,,126.9565,2.66
2024-12-04,2.37,2.29,2.21,4.47,4.13,4.07,4.19,4.35,13.45,4.58,4.59,,126.7574,2.66
2024-12-05,2.35,2.25,2.15,4.46,4.15,4.07,4.17,4.33,13.54,4.58,4.59,,126.4286,2.66
2024-12-06,2.31,2.24,2.17,4.42,4.1,4.03,4.15,4.34,12.77,4.58,4.6,,126.688,2.67
2024-12-09,2.33,2.27,2.21,4.42,4.13,4.07,4.2,4.39,14.19,4.58,4.63,,126.5981,2.67
2024-12-10,2.34,2.29,2.24,4.41,4.15,4.09,4.22,4.41,14.18,4.58,4.64,,126.957,2.67
2024-12-11,2.38,2.3,2.22,4.38,4.15,4.13,4.26,4.48,13.58,4.58,4.62,,126.8483,2.64
2024-12-12,2.39,2.32,2.25,4.35,4.18,4.18,4.32,4.55,13.92,4.58,4.62,,126.9556,2.66
2024-12-13,2.4,2.33,2.26,4.34,4.25,4.25,4.4,4.61,13.81,4.58,4.6,,127.3096,2.68
2024-12-16,2.38,2.32,2.26,4.37,4.25,4.25,4.39,4.6,14.69,4.58,4.65,,127.2687,2.69
2024-12-17,2.36,2.31,2.26,4.38,4.25,4.26,4.4,4.59,15.87,4.58,4.62,,127.5043,2.75
2024-12-18,2.38,2.32,2.26,4.36,4.35,4.4,4.5,4.65,27.62,4.58,4.57,,127.6418,2.73
2024-12-19,2.35,2.29,2.23,4.35,4.32,4.43,4.57,4.74,24.09,4.33,4.3,,128.6366,2.91
2024-12-20,2.34,2.29,2.24,4.34,4.3,4.37,4.52,4.72,18.36,4.33,4.3,,127.893,2.86
2024-12-23,2.38,2.32,2.26,4.36,4.3,4.44,4.59,4.78,16.78,4.33,4.31,,128.3021,2.85
2024-12-24,2.39,2.35,2.31,4.4,4.29,4.43,4.59,4.76,14.27,4.33,4.4,,128.3377,2.86
2024-12-25,2.39,2.35,2.31,4.4,4.29,4.43,4.59,4.76,14.27,4.33,4.4,,128.3377,2.86
2024-12-26,2.39,2.35,2.31,4.35,4.3,4.42,4.58,4.76,14.73,4.33,4.53,,128.3329,2.86
2024-12-27,2.38,2.34,2.3,4.31,4.31,4.45,4.62,4.82,15.95,4.33,4.46,,128.45,2.84
2024-12-30,2.35,2.31,2.27,4.37,4.24,4.37,4.55,4.77,17.4,4.33,4.37,,128.8205,2.94
2024-12-31,2.38,2.34,2.3,4.37,4.25,4.38,4.58,4.78,17.35,4.33,4.49,,129.2775,2.92
2025-01-01,2.38,2.34,2.3,4.37,4.25,4.38,4.58,4.78,17.35,4.33,4.49,,129.2775,2.92
2025-01-02,2.41,2.34,2.27,4.36,4.25,4.38,4.57,4.79,17.93,4.33,4.4,,129.4598,2.88
2025-01-03,2.4,2.34,2.28,4.34,4.28,4.41,4.6,4.82,16.13,4.33,4.31,,129.4535,2.81
2025-01-06,2.4,2.34,2.28,4.35,4.28,4.42,4.62,4.85,16.04,4.33,4.27,,128.538,2.76
2025-01-07,2.44,2.38,2.32,4.35,4.3,4.46,4.67,4.91,17.82,4.33,4.27,,128.613,2.79
2025-01-08,2.47,2.4,2.33,4.35,4.28,4.45,4.67,4.91,17.7,4.33,4.29,,129.0785,2.84
2025-01-09,2.46,2.39,2.32,4.35,4.27,4.46,4.68,4.92,18.07,4.33,4.3,,129.2827,2.82
2025-01-10,2.51,2.43,2.35,4.36,4.4,4.59,4.77,4.96,19.54,4.33,4.3,,129.8664,2.81
2025-01-13,2.55,2.45,2.35,4.37,4.4,4.61,4.79,4.97,19.19,4.33,4.29,,130.0413,2.85
2025-01-14,2.55,2.44,2.33,4.36,4.37,4.59,4.78,4.98,18.71,4.33,4.28,,129.3812,2.8
2025-01-15,2.52,2.42,2.32,4.35,4.27,4.45,4.66,4.88,16.12,4.33,4.28,,129.2092,2.72
2025-01-16,2.51,2.42,2.33,4.34,4.23,4.39,4.61,4.84,16.6,4.33,4.29,,129.436,2.73
2025-01-17,2.52,2.41,2.3,4.34,4.27,4.42,4.61,4.84,15.97,4.33,4.29,,129.4859,2.64
2025-01-20,2.52,2.41,2.3,4.34,4.27,4.42,4.61,4.84,15.81,4.33,4.29,,129.4859,2.64
2025-01-21,2.47,2.38,2.29,4.36,4.29,4.4,4.57,4.8,15.06,4.33,4.29,,128.4151,2.61
2025-01-22,2.48,2.4,2.32,4.36,4.29,4.43,4.6,4.82,15.1,4.33,4.3,,128.3402,2.59
2025-01-23,2.52,2.42,2.32,4.36,4.29,4.45,4.65,4.87,15.02,4.33,4.35,,128.2162,2.61
2025-01-24,2.52,2.43,2.34,4.35,4.27,4.43,4.63,4.85,14.85,4.33,4.34,,127.4611,2.6
2025-01-27,2.49,2.4,2.31,4.32,4.17,4.32,4.53,4.76,17.9,4.33,4.34,,128.0912,2.66
2025-01-28,2.52,2.42,2.32,4.31,4.19,4.33,4.55,4.78,16.41,4.33,4.35,,128.2817,2.66
2025-01-29,2.52,2.4,2.28,4.31,4.21,4.35,4.55,4.79,16.56,4.33,4.35,,128.3418,2.68
2025-01-30,2.5,2.38,2.26,4.3,4.18,4.31,4.52,4.76,15.84,4.33,4.36,,128.1004,2.67
2025-01-31,2.54,2.42,2.3,4.31,4.22,4.36,4.58,4.83,16.43,4.33,4.38,,128.4828,2.68
2025-02-03,2.61,2.45,2.29,4.34,4.26,4.35,4.54,4.77,18.62,4.33,4.35,,129.109,2.73
2025-02-04,2.59,2.44,2.29,4.33,4.21,4.31,4.52,4.75,17.21,4.33,4.33,,128.1083,2.71
2025-02-05,2.57,2.42,2.27,4.33,4.17,4.24,4.43,4.64,15.77,4.33,4.33,,127.9751,2.69
2025-02-06,2.57,2.42,2.27,4.34,4.21,4.28,4.45,4.65,15.5,4.33,4.36,,128.2017,2.66
2025-02-07,2.59,2.42,2.25,4.35,4.29,4.34,4.49,4.69,16.54,4.33,4.35,,128.4292,2.67
2025-02-10,2.6,2.44,2.28,4.35,4.28,4.34,4.51,4.71,15.81,4.33,4.35,,128.6382,2.66
2025-02-11,2.64,2.46,2.28,4.35,4.29,4.37,4.54,4.75,16.02,4.33,4.34,,128.4322,2.66
2025-02-12,2.66,2.46,2.26,4.35,4.36,4.48,4.62,4.83,15.89,4.33,4.32,,128.3288,2.65
2025-02-13,2.64,2.44,2.24,4.34,4.31,4.39,4.52,4.72,15.1,4.33,4.33,,127.8931,2.65
2025-02-14,2.62,2.43,2.24,4.34,4.26,4.33,4.47,4.69,14.77,4.33,4.33,,127.1491,2.62
2025-02-17,2.62,2.43,2.24,4.34,4.26,4.33,4.47,4.69,15.37,4.33,4.33,,127.1491,2.62
2025-02-18,2.65,2.45,2.25,4.34,4.29,4.4,4.55,4.77,15.35,4.33,4.37,,127.2906,2.62
2025-02-19,2.66,2.45,2.24,4.34,4.28,4.37,4.53,4.76,15.27,4.33,4.35,,127.7317,2.68
2025-02-20,2.66,2.45,2.24,4.33,4.28,4.34,4.5,4.74,15.66,4.33,4.33,,127.1126,2.66
2025-02-21,2.61,2.42,2.23,4.32,4.19,4.26,4.42,4.67,18.21,4.33,4.34,,127.1408,2.78
2025-02-24,2.61,2.42,2.23,4.31,4.13,4.23,4.4,4.66,18.98,4.33,4.34,,127.1921,2.78
2025-02-25,2.57,2.38,2.19,4.3,4.07,4.12,4.3,4.55,19.43,4.33,4.33,,127.3752,2.84
2025-02-26,2.54,2.36,2.18,4.31,4.05,4.06,4.25,4.51,19.1,4.33,4.33,,127.2822,2.81
2025-02-27,2.57,2.37,2.17,4.32,4.07,4.09,4.29,4.56,21.13,4.33,4.36,,127.9704,2.81
2025-02-28,2.58,2.38,2.18,4.32,3.99,4.03,4.24,4.51,19.63,4.33,4.39,,128.2805,2.87
2025-03-03,2.59,2.36,2.13,4.35,3.96,3.97,4.16,4.45,22.78,4.33,4.33,,127.75,2.94
2025-03-04,2.59,2.35,2.11,4.34,3.96,4.01,4.22,4.53,23.51,4.33,4.33,,127.9966,2.99
2025-03-05,2.56,2.34,2.12,4.35,3.99,4.08,4.28,4.57,21.93,4.33,4.34,,126.504,2.88
2025-03-06,2.53,2.34,2.15,4.34,3.96,4.06,4.29,4.58,24.87,4.33,4.35,,126.1099,2.99
2025-03-07,2.52,2.33,2.14,4.34,3.99,4.09,4.32,4.62,23.37,4.33,4.34,,125.9814,2.97
2025-03-10,2.49,2.31,2.13,4.33,3.89,3.98,4.22,4.54,27.86,4.33,4.33,,126.268,3.16
2025-03-11,2.5,2.31,2.12,4.34,3.94,4.03,4.28,4.59,26.92,4.33,4.32,,126.0457,3.22
2025-03-12,2.53,2.33,2.13,4.35,4.01,4.09,4.32,4.63,24.23,4.33,4.31,,125.8664,3.2
2025-03-13,2.48,2.29,2.1,4.34,3.94,4.02,4.27,4.59,24.66,4.33,4.3,,126.0031,3.4
2025-03-14,2.48,2.3,2.12,4.33,4.02,4.09,4.31,4.62,21.77,4.33,4.3,,125.6942,3.25
2025-03-17,2.48,2.29,2.1,4.34,4.06,4.11,4.31,4.6,20.51,4.33,4.32,,125.3688,3.18
2025-03-18,2.46,2.3,2.14,4.34,4.04,4.07,4.29,4.58,21.7,4.33,4.31,,125.488,3.23
2025-03-19,2.5,2.31,2.12,4.33,3.99,4.03,4.25,4.56,19.9,4.33,4.29,,125.8006,3.19
2025-03-20,2.51,2.31,2.11,4.33,3.95,4.01,4.24,4.55,19.8,4.33,4.29,,125.985,3.17
2025-03-21,2.51,2.33,2.15,4.33,3.94,4.0,4.25,4.59,19.28,4.33,4.3,,126.2679,3.21
2025-03-24,2.54,2.36,2.18,4.33,4.04,4.09,4.34,4.66,17.48,4.33,4.31,,126.1956,3.05
2025-03-25,2.56,2.35,2.14,4.33,3.96,4.07,4.31,4.65,17.15,4.33,4.33,,126.0535,3.09
2025-03-26,2.56,2.37,2.18,4.33,3.98,4.08,4.35,4.69,18.33,4.33,4.35,,126.2364,3.19
2025-03-27,2.6,2.39,2.18,4.33,3.97,4.09,4.38,4.73,18.69,4.33,4.36,,126.3626,3.27
2025-03-28,2.58,2.37,2.16,4.33,3.89,3.98,4.27,4.64,21.65,4.33,4.34,,126.4187,3.47
2025-03-31,2.61,2.38,2.15,4.32,3.89,3.96,4.23,4.59,22.28,4.33,4.41,,126.7075,3.55
2025-04-01,2.54,2.33,2.12,4.32,3.87,3.91,4.17,4.52,21.77,4.33,4.39,,126.4338,3.5
2025-04-02,2.51,2.32,2.13,4.32,3.91,3.95,4.2,4.54,21.51,4.33,4.37,,126.3811,3.42
2025-04-03,2.5,2.28,2.06,4.31,3.71,3.75,4.06,4.49,30.02,4.33,4.39,,124.7316,4.01
2025-04-04,2.34,2.18,2.02,4.28,3.68,3.72,4.01,4.41,45.31,4.33,4.35,,125.8129,4.45
2025-04-07,2.31,2.19,2.07,4.29,3.73,3.82,4.15,4.58,46.98,4.33,4.33,,126.8282,4.61
2025-04-08,2.35,2.22,2.09,4.31,3.71,3.88,4.26,4.71,52.33,4.33,4.4,,126.8668,4.57
2025-04-09,2.45,2.27,2.09,4.35,3.91,4.06,4.34,4.72,33.62,4.33,4.42,,126.628,4.37
2025-04-10,2.32,2.19,2.06,4.34,3.84,4.04,4.4,4.86,40.72,4.33,4.37,,125.089,4.42
2025-04-11,2.33,2.2,2.07,4.34,3.96,4.15,4.48,4.85,37.56,4.33,4.33,,124.0163,4.26
2025-04-14,2.35,2.23,2.11,4.33,3.84,4.02,4.38,4.8,30.89,4.33,4.33,,123.6598,4.14
2025-04-15,2.31,2.19,2.07,4.33,3.84,3.98,4.35,4.79,30.12,4.33,4.36,,123.776,4.09
2025-04-16,2.29,2.17,2.05,4.33,3.77,3.91,4.29,4.74,32.64,4.33,4.31,,123.2724,4.16
2025-04-17,2.26,2.23,2.2,4.34,3.81,3.95,4.34,4.8,29.65,4.33,4.32,,123.1298,4.02
2025-04-18,2.26,2.23,2.2,4.34,3.81,3.95,4.34,4.8,29.65,4.33,4.32,,122.9865,4.02
2025-04-21,2.25,2.22,2.19,4.34,3.75,3.97,4.42,4.91,33.82,4.33,4.32,,122.3145,4.16
2025-04-22,2.3,2.27,2.24,4.33,3.76,3.98,4.41,4.88,30.57,4.33,4.3,,122.4175,3.99
2025-04-23,2.33,2.29,2.25,4.33,3.81,4.0,4.4,4.83,28.45,4.33,4.28,,123.0252,3.75
2025-04-24,2.35,2.3,2.25,4.32,3.77,3.91,4.32,4.77,26.47,4.33,4.29,,122.9251,3.73
2025-04-25,2.32,2.27,2.22,4.32,3.74,3.88,4.29,4.74,24.84,4.33,4.33,,122.8858,3.67
2025-04-28,2.32,2.25,2.18,4.32,3.67,3.81,4.23,4.69,25.15,4.33,4.36,,122.7176,3.73
2025-04-29,2.29,2.23,2.17,4.31,3.65,3.77,4.19,4.64,24.17,4.33,4.36,,122.5944,3.74
2025-04-30,2.29,2.23,2.17,4.31,3.6,3.72,4.17,4.66,24.7,4.33,4.41,,122.5921,3.94
2025-05-01,2.3,2.25,2.2,4.31,3.7,3.81,4.25,4.74,24.6,4.33,4.39,,123.1405,3.78
2025-05-02,2.31,2.27,2.23,4.33,3.83,3.92,4.33,4.79,22.68,4.33,4.36,,122.4962,3.6
2025-05-05,2.33,2.28,2.23,4.33,3.83,3.95,4.36,4.83,23.64,4.33,4.33,,122.2613,3.6
2025-05-06,2.34,2.26,2.18,4.33,3.78,3.9,4.3,4.81,24.76,4.33,4.32,,122.0417,3.66
2025-05-07,2.33,2.25,2.17,4.34,3.78,3.87,4.26,4.77,23.55,4.33,4.3,,122.117,3.67
2025-05-08,2.39,2.29,2.19,4.34,3.9,4.0,4.37,4.83,22.48,4.33,4.29,,122.7568,3.51
2025-05-09,2.39,2.29,2.19,4.34,3.88,4.0,4.37,4.83,21.9,4.33,4.28,,122.5191,3.53
2025-05-12,2.35,2.29,2.23,4.42,3.98,4.09,4.45,4.89,18.39,4.33,4.28,,123.4863,3.15
2025-05-13,2.38,2.32,2.26,4.41,4.02,4.12,4.49,4.94,18.22,4.33,4.3,,122.9583,3.09
2025-05-14,2.44,2.37,2.3,4.41,4.05,4.17,4.53,4.97,18.62,4.33,4.29,,122.6746,3.1
2025-05-15,2.41,2.34,2.27,4.38,3.96,4.07,4.45,4.91,17.83,4.33,4.31,,122.8174,3.2
2025-05-16,2.42,2.34,2.26,4.37,3.98,4.06,4.43,4.89,17.24,4.33,4.3,,123.0737,3.16
2025-05-19,2.43,2.36,2.29,4.39,3.97,4.07,4.46,4.92,18.14,4.33,4.29,,122.4186,3.21
2025-05-20,2.42,2.35,2.28,4.38,3.97,4.07,4.48,4.96,18.09,4.33,4.27,,122.3199,3.2
2025-05-21,2.43,2.35,2.27,4.36,4.0,4.15,4.58,5.08,20.87,4.33,4.26,,121.7496,3.25
2025-05-22,2.42,2.34,2.26,4.37,4.0,4.11,4.54,5.05,20.28,4.33,4.26,,122.0429,3.32
2025-05-23,2.4,2.33,2.26,4.36,4.0,4.08,4.51,5.04,22.29,4.33,4.26,,121.3837,3.4
2025-05-26,2.4,2.33,2.26,4.36,4.0,4.08,4.51,5.04,20.57,4.33,4.26,,121.3837,3.4
2025-05-27,2.41,2.32,2.23,4.35,3.92,4.04,4.43,4.94,18.96,4.33,4.31,,121.6099,3.24
2025-05-28,2.39,2.32,2.25,4.35,3.96,4.05,4.47,4.97,19.31,4.33,4.33,,121.9888,3.23
2025-05-29,2.38,2.32,2.26,4.36,3.92,4.0,4.43,4.92,19.18,4.33,4.33,,121.5617,3.22
2025-05-30,2.39,2.34,2.29,4.36,3.89,3.96,4.41,4.92,18.57,4.33,4.35,,121.7674,3.31
2025-06-02,2.38,2.33,2.28,4.44,3.94,4.01,4.46,4.99,18.36,4.33,4.35,,121.1881,3.27
2025-06-03,2.38,2.32,2.26,4.43,3.96,4.04,4.46,4.98,17.69,4.33,4.32,,121.4592,3.19
2025-06-04,2.32,2.31,2.3,4.44,3.87,3.93,4.37,4.89,17.61,4.33,4.28,,121.0539,3.23
2025-06-05,2.31,2.29,2.27,4.44,3.92,3.99,4.4,4.88,18.48,4.33,4.29,,120.9596,3.18
2025-06-06,2.35,2.31,2.27,4.43,4.04,4.13,4.51,4.97,16.77,4.33,4.29,,121.161,3.09
2025-06-09,2.34,2.31,2.28,4.44,4.01,4.09,4.49,4.95,17.16,4.33,4.29,,120.9103,3.12
2025-06-10,2.32,2.29,2.26,4.45,4.01,4.08,4.47,4.93,16.95,4.33,4.28,,121.0485,3.12
2025-06-11,2.3,2.27,2.24,4.45,3.94,4.02,4.41,4.91,17.26,4.33,4.28,,120.587,3.12
2025-06-12,2.28,2.25,2.22,4.46,3.9,3.97,4.36,4.84,18.02,4.33,4.28,,120.1723,3.17
2025-06-13,2.31,2.28,2.25,4.45,3.96,4.02,4.41,4.9,20.82,4.33,4.28,,120.3245,3.18
2025-06-16,2.32,2.3,2.28,4.43,3.97,4.04,4.46,4.96,19.11,4.33,4.32,,120.1565,3.1
2025-06-17,2.35,2.31,2.27,4.42,3.94,3.99,4.39,4.88,21.6,4.33,4.31,,120.5048,3.17
2025-06-18,2.36,2.31,2.26,4.42,3.94,3.98,4.38,4.88,20.14,4.33,4.28,,120.7305,3.16
2025-06-19,2.36,2.31,2.26,4.42,3.94,3.98,4.38,4.88,22.17,4.33,4.28,,120.7305,3.16
2025-06-20,2.37,2.33,2.29,4.39,3.9,3.96,4.38,4.89,20.62,4.33,4.29,,121.0408,3.13
2025-06-23,2.33,2.3,2.27,4.38,3.84,3.91,4.34,4.87,19.83,4.33,4.29,,121.1694,3.12
2025-06-24,2.3,2.29,2.28,4.38,3.75,3.86,4.3,4.83,17.48,4.33,4.3,,120.3645,3.06
2025-06-25,2.28,2.28,2.28,4.38,3.74,3.83,4.29,4.83,16.76,4.33,4.36,,120.3336,3.04
2025-06-26,2.29,2.28,2.27,4.39,3.7,3.79,4.26,4.81,16.59,4.33,4.4,,119.6451,3.04
2025-06-27,2.31,2.29,2.27,4.39,3.73,3.83,4.29,4.85,16.32,4.33,4.39,,119.659,3.02
2025-06-30,2.31,2.29,2.27,4.41,3.72,3.79,4.24,4.78,16.73,4.33,4.45,,119.4088,2.96
2025-07-01,2.32,2.29,2.26,4.4,3.78,3.84,4.26,4.78,16.83,4.33,4.44,,119.3436,2.91
2025-07-02,2.34,2.3,2.26,4.41,3.78,3.87,4.3,4.82,16.64,4.33,4.4,,119.3037,2.88
2025-07-03,2.37,2.33,2.29,4.42,3.88,3.94,4.35,4.86,16.38,4.33,4.35,,119.2382,2.8
2025-07-04,2.37,2.33,2.29,4.42,3.88,3.94,4.35,4.86,17.48,4.33,4.35,,119.2382,2.8
2025-07-07,2.4,2.35,2.3,4.42,3.9,3.96,4.4,4.92,17.79,4.33,4.33,,119.6201,2.86
2025-07-08,2.39,2.35,2.31,4.42,3.9,3.99,4.42,4.94,16.81,4.33,4.34,,119.8371,2.92
2025-07-09,2.38,2.33,2.28,4.42,3.86,3.92,4.34,4.87,15.94,4.33,4.32,,119.7311,2.94
2025-07-10,2.39,2.34,2.29,4.42,3.86,3.93,4.35,4.86,15.78,4.33,4.31,,119.8343,2.92
2025-07-11,2.44,2.37,2.3,4.41,3.9,3.99,4.43,4.96,16.4,4.33,4.31,,119.9214,2.97
2025-07-14,2.45,2.39,2.33,4.42,3.9,3.98,4.43,4.97,17.2,4.33,4.33,,120.2209,2.95
2025-07-15,2.48,2.41,2.34,4.42,3.95,4.05,4.5,5.01,17.38,4.33,4.37,,120.5105,2.95
2025-07-16,2.49,2.41,2.33,4.41,3.88,3.99,4.46,5.01,17.16,4.33,4.34,,120.4175,3.0
2025-07-17,2.53,2.43,2.33,4.41,3.91,4.01,4.47,5.01,16.52,4.33,4.34,,120.6384,2.91
2025-07-18,2.5,2.41,2.32,4.4,3.88,3.96,4.44,5.0,16.41,4.33,4.3,,120.356,2.93
2025-07-21,2.49,2.4,2.31,4.41,3.85,3.91,4.38,4.94,16.65,4.33,4.28,,119.9961,2.89
2025-07-22,2.47,2.39,2.31,4.41,3.83,3.88,4.35,4.9,16.5,4.33,4.28,,119.681,2.9
2025-07-23,2.44,2.37,2.3,4.41,3.88,3.94,4.4,4.95,15.37,4.33,4.28,,119.5697,2.83
2025-07-24,2.5,2.45,2.4,4.42,3.91,3.98,4.43,4.96,15.39,4.33,4.3,,119.5664,2.82
2025-07-25,2.47,2.44,2.41,4.42,3.91,3.95,4.4,4.92,14.93,4.33,4.36,,119.9857,2.84
2025-07-28,2.47,2.44,2.41,4.4,3.91,3.96,4.42,4.96,15.03,4.33,4.36,,120.6149,2.82
2025-07-29,2.48,2.43,2.38,4.4,3.86,3.9,4.34,4.86,15.98,4.33,4.36,,120.9674,2.86
2025-07-30,2.48,2.42,2.36,4.41,3.94,3.96,4.38,4.89,15.48,4.33,4.32,,121.4042,2.89
2025-07-31,2.46,2.39,2.32,4.41,3.94,3.96,4.37,4.89,16.72,4.33,4.39,,121.721,2.86
2025-08-01,2.38,2.33,2.28,4.35,3.69,3.77,4.23,4.81,20.38,4.33,4.34,,121.2122,3.13
2025-08-04,2.41,2.37,2.33,4.35,3.69,3.75,4.22,4.8,17.52,4.33,4.33,,120.9859,3.02
2025-08-05,2.41,2.36,2.31,4.34,3.72,3.77,4.22,4.78,17.85,4.33,4.34,,120.9082,2.98
2025-08-06,2.4,2.34,2.28,4.32,3.69,3.77,4.22,4.81,16.77,4.33,4.34,,120.5082,2.98
2025-08-07,2.41,2.35,2.29,4.32,3.72,3.79,4.23,4.81,16.57,4.33,4.35,,120.5043,2.95
2025-08-08,2.46,2.39,2.32,4.32,3.76,3.84,4.27,4.85,15.15,4.33,4.35,,120.3329,2.94
2025-08-11,2.46,2.4,2.34,4.34,3.76,3.83,4.27,4.84,16.25,4.33,4.34,,120.6892,2.94
2025-08-12,2.43,2.38,2.33,4.33,3.72,3.83,4.29,4.88,14.73,4.33,4.36,,120.2736,2.93
2025-08-13,2.42,2.37,2.32,4.29,3.67,3.77,4.24,4.83,14.49,4.33,4.33,,120.13,2.9
2025-08-14,2.43,2.39,2.35,4.3,3.74,3.82,4.29,4.88,14.83,4.33,4.34,,120.6446,2.89
2025-08-15,2.42,2.38,2.34,4.3,3.75,3.85,4.33,4.92,15.09,4.33,4.36,,120.3377,2.88
2025-08-18,2.42,2.38,2.34,4.33,3.77,3.86,4.34,4.94,14.99,4.33,4.34,,120.5622,2.88
2025-08-19,2.39,2.35,2.31,4.3,3.75,3.82,4.3,4.9,15.57,4.33,4.33,,120.7224,2.9
2025-08-20,2.4,2.35,2.3,4.3,3.74,3.81,4.29,4.89,15.69,4.33,4.31,,120.7757,2.94
2025-08-21,2.44,2.39,2.34,4.32,3.79,3.86,4.33,4.92,16.6,4.33,4.32,,121.0843,2.95
2025-08-22,2.48,2.41,2.34,4.27,3.68,3.76,4.26,4.88,14.22,4.33,4.36,,120.2774,2.88
2025-08-25,2.49,2.41,2.33,4.29,3.73,3.8,4.28,4.89,14.79,4.33,4.37,,120.4214,2.8
2025-08-26,2.5,2.42,2.34,4.28,3.61,3.75,4.26,4.9,14.62,4.33,4.38,,120.5274,2.78
2025-08-27,2.5,2.43,2.36,4.26,3.59,3.69,4.24,4.91,14.85,4.33,4.36,,120.7274,2.78
2025-08-28,2.49,2.41,2.33,4.26,3.62,3.69,4.22,4.88,14.43,4.33,4.34,,120.2595,2.75
2025-08-29,2.47,2.41,2.35,4.23,3.59,3.68,4.23,4.92,15.36,4.33,4.34,,120.2082,2.82
2025-09-01,2.47,2.41,2.35,4.23,3.59,3.68,4.23,4.92,16.12,4.33,4.34,,120.2082,2.84
2025-09-02,2.48,2.41,2.34,4.2,3.66,3.74,4.28,4.97,17.17,4.33,4.39,,120.6837,2.92
2025-09-03,2.46,2.4,2.34,4.18,3.61,3.69,4.22,4.9,16.35,4.33,4.39,,120.5052,2.88
2025-09-04,2.44,2.38,2.32,4.16,3.59,3.65,4.17,4.86,15.3,4.33,4.41,,120.7629,2.84
2025-09-05,2.42,2.37,2.32,4.07,3.51,3.59,4.1,4.78,15.18,4.33,4.42,,120.1282,2.83
2025-09-08,2.41,2.35,2.29,4.1,3.49,3.57,4.05,4.69,15.11,4.33,4.4,,120.0971,2.84
2025-09-09,2.43,2.36,2.29,4.1,3.54,3.61,4.08,4.72,15.04,4.33,4.4,,120.1569,2.87
2025-09-10,2.41,2.35,2.29,4.09,3.54,3.59,4.04,4.69,15.35,4.33,4.39,,120.1223,2.84
2025-09-11,2.41,2.34,2.27,4.08,3.52,3.59,4.01,4.65,14.71,4.33,4.41,,119.9534,2.78
2025-09-12,2.42,2.36,2.3,4.08,3.56,3.63,4.06,4.68,14.76,4.33,4.42,,120.0611,2.79
2025-09-15,2.41,2.37,2.33,4.06,3.54,3.61,4.05,4.66,15.69,4.33,4.51,,119.5644,2.75
2025-09-16,2.42,2.37,2.32,4.04,3.51,3.59,4.04,4.65,16.36,4.33,4.39,,119.1348,2.79
2025-09-17,2.43,2.38,2.33,4.02,3.52,3.62,4.06,4.66,15.72,4.33,4.38,,119.1582,2.79
2025-09-18,2.44,2.38,2.32,4.03,3.57,3.67,4.11,4.72,15.7,4.08,4.14,,119.6616,2.71
2025-09-19,2.43,2.39,2.35,4.03,3.57,3.68,4.14,4.75,15.45,4.08,4.14,,119.7858,2.72
2025-09-22,2.42,2.37,2.32,4.0,3.61,3.71,4.15,4.77,16.1,4.09,4.14,,119.8152,2.69
2025-09-23,2.42,2.37,2.32,4.0,3.53,3.68,4.12,4.73,16.64,4.09,4.12,,119.6202,2.71
2025-09-24,2.42,2.38,2.34,4.02,3.57,3.7,4.16,4.76,16.18,4.09,4.13,,120.1707,2.7
2025-09-25,2.42,2.38,2.34,4.04,3.64,3.75,4.18,4.75,16.74,4.09,4.18,,120.5419,2.76
2025-09-26,2.42,2.38,2.34,4.02,3.63,3.76,4.2,4.77,15.29,4.09,4.16,,120.4349,2.75
2025-09-29,2.41,2.35,2.29,4.04,3.63,3.74,4.15,4.71,16.12,4.09,4.13,,120.115,2.74
2025-09-30,2.42,2.36,2.3,4.02,3.6,3.74,4.16,4.73,16.28,4.09,4.24,,120.1368,2.8
2025-10-01,2.39,2.35,2.31,4.01,3.55,3.68,4.12,4.72,16.29,4.09,4.2,,120.1502,2.81
2025-10-02,2.37,2.34,2.31,4.02,3.55,3.67,4.1,4.69,16.63,4.09,4.2,,120.4296,2.81
2025-10-03,2.38,2.33,2.28,4.03,3.58,3.72,4.13,4.71,16.65,4.09,4.18,,120.0881,2.8
2025-10-06,2.38,2.34,2.3,4.02,3.6,3.75,4.18,4.76,16.37,4.09,4.15,,120.2722,2.76
2025-10-07,2.39,2.35,2.31,4.01,3.57,3.71,4.14,4.73,17.24,4.09,4.14,,120.4884,2.82
2025-10-08,2.39,2.35,2.31,4.01,3.58,3.72,4.13,4.72,16.3,4.1,4.12,,120.7766,2.84
2025-10-09,2.39,2.34,2.29,4.03,3.6,3.74,4.14,4.72,16.43,4.1,4.13,,121.0902,2.95
2025-10-10,2.35,2.3,2.25,4.02,3.52,3.65,4.05,4.63,21.66,4.1,4.15,,121.1163,3.18
2025-10-13,2.35,2.3,2.25,4.02,3.52,3.65,4.05,4.63,19.03,4.1,4.15,,121.1163,3.18
2025-10-14,2.33,2.3,2.27,4.02,3.48,3.6,4.03,4.62,20.81,4.1,4.19,,121.1822,3.11
2025-10-15,2.33,2.29,2.25,4.03,3.5,3.63,4.05,4.64,20.64,4.1,4.29,,120.8642,2.95
2025-10-16,2.29,2.28,2.27,4.02,3.41,3.55,3.99,4.58,25.31,4.11,4.3,,120.6698,3.04
2025-10-17,2.29,2.27,2.25,4.0,3.46,3.59,4.02,4.6,20.78,4.11,4.18,,120.7028,3.04
2025-10-20,2.28,2.26,2.24,3.97,3.46,3.58,4.0,4.58,18.23,4.11,4.16,,120.6209,2.99
2025-10-21,2.3,2.28,2.26,3.96,3.45,3.56,3.98,4.55,17.87,4.11,4.23,,120.8895,2.97
2025-10-22,2.32,2.29,2.26,3.96,3.45,3.56,3.97,4.54,18.6,4.11,4.21,,120.8958,3.01
2025-10-23,2.42,2.3,2.18,3.95,3.48,3.61,4.01,4.58,17.3,4.11,4.24,,120.9531,2.96
2025-10-24,2.4,2.29,2.18,3.93,3.48,3.61,4.02,4.59,16.37,4.11,4.24,,120.9345,2.88
2025-10-27,2.37,2.28,2.19,3.89,3.48,3.61,4.01,4.57,15.79,4.12,4.27,,120.7988,2.8
2025-10-28,2.36,2.28,2.2,3.89,3.47,3.6,3.99,4.55,16.42,4.12,4.31,,120.6361,2.82
2025-10-29,2.37,2.3,2.23,3.93,3.59,3.7,4.08,4.61,16.92,4.12,4.27,,120.5312,2.76
2025-10-30,2.38,2.29,2.2,3.92,3.61,3.72,4.11,4.65,16.91,3.87,4.04,,121.2832,2.85
2025-10-31,2.4,2.3,2.2,3.89,3.6,3.71,4.11,4.67,17.44,3.86,4.22,,121.3859,2.94
2025-11-03,2.41,2.31,2.21,3.98,3.6,3.72,4.13,4.69,17.17,3.87,4.13,,121.4512,3.04
2025-11-04,2.38,2.29,2.2,3.96,3.58,3.69,4.1,4.67,19.0,3.87,4.0,,121.8271,3.13
2025-11-05,2.39,2.3,2.21,3.96,3.63,3.76,4.17,4.74,18.01,3.87,3.91,,121.8482,3.05
2025-11-06,2.37,2.28,2.19,3.93,3.57,3.69,4.11,4.69,19.5,3.87,3.92,,121.6948,3.13
2025-11-07,2.36,2.28,2.2,3.92,3.55,3.67,4.11,4.7,19.08,3.87,3.93,,121.388,3.15
2025-11-10,2.38,2.29,2.2,3.95,3.58,3.72,4.13,4.71,17.6,3.87,3.95,,121.2984,3.02
2025-11-11,2.38,2.29,2.2,3.95,3.58,3.72,4.13,4.71,17.28,3.87,3.95,,121.2984,3.02
2025-11-12,2.37,2.27,2.17,3.95,3.56,3.68,4.08,4.67,17.51,3.87,3.98,,121.0458,3.02
2025-11-13,2.37,2.28,2.19,3.96,3.58,3.71,4.11,4.7,20.0,3.88,4.0,,120.7725,3.09
2025-11-14,2.38,2.28,2.18,3.95,3.62,3.74,4.14,4.74,19.83,3.88,3.95,,120.9666,3.07
2025-11-17,2.37,2.28,2.19,3.97,3.6,3.72,4.13,4.73,22.38,3.88,4.0,,121.1146,3.13
2025-11-18,2.36,2.27,2.18,3.94,3.58,3.7,4.12,4.74,24.69,3.88,3.94,,121.2127,3.2
2025-11-19,2.36,2.27,2.18,3.95,3.58,3.71,4.13,4.75,23.66,3.88,3.91,,121.4978,3.17
2025-11-20,2.34,2.24,2.14,3.94,3.55,3.68,4.1,4.73,26.42,3.88,3.91,,121.6889,3.17
2025-11-21,2.32,2.24,2.16,3.9,3.51,3.62,4.06,4.71,23.43,3.88,3.93,,121.8653,3.19
2025-11-24,2.3,2.23,2.16,3.91,3.46,3.61,4.04,4.68,20.52,3.88,3.96,,121.9171,3.15
2025-11-25,2.27,2.22,2.17,3.9,3.43,3.55,4.01,4.67,18.56,3.88,4.01,,121.6335,3.1
2025-11-26,2.29,2.23,2.17,3.92,3.45,3.56,4.0,4.64,17.19,3.88,4.05,,121.2437,3.0
2025-11-27,2.29,2.23,2.17,3.92,3.45,3.56,4.0,4.64,17.21,3.88,4.05,,121.2437,3.0
2025-11-28,2.29,2.23,2.17,3.88,3.47,3.59,4.02,4.67,16.35,3.89,4.12,,121.0527,2.95
2025-12-01,2.31,2.24,2.17,3.81,3.54,3.67,4.09,4.74,17.24,3.89,4.12,,120.9862,2.94
2025-12-02,2.3,2.24,2.18,3.77,3.51,3.66,4.09,4.74,16.59,3.89,4.01,,121.1467,2.92
2025-12-03,2.29,2.24,2.19,3.72,3.49,3.62,4.06,4.73,16.08,3.89,3.95,,120.7336,2.89
2025-12-04,2.33,2.26,2.19,3.71,3.52,3.68,4.11,4.76,15.78,3.89,3.92,,120.6766,2.88
2025-12-05,2.34,2.26,2.18,3.71,3.56,3.72,4.14,4.79,15.41,3.89,3.93,,120.6863,2.85
2025-12-08,2.32,2.26,2.2,3.73,3.57,3.75,4.17,4.81,16.66,3.89,3.95,,120.776,2.89
2025-12-09,2.32,2.26,2.2,3.73,3.61,3.78,4.18,4.8,16.93,3.89,3.93,,120.6832,2.89
2025-12-10,2.32,2.25,2.18,3.69,3.54,3.72,4.13,4.78,15.77,3.89,3.9,,120.6752,2.91
2025-12-11,2.32,2.25,2.18,3.66,3.52,3.72,4.14,4.79,14.85,3.64,3.66,,119.98,2.88
2025-12-12,2.32,2.26,2.2,3.63,3.52,3.75,4.19,4.85,15.74,3.64,3.67,,120.1442,2.91
2025-12-15,2.29,2.25,2.21,3.65,3.51,3.73,4.18,4.84,16.5,3.64,3.75,,119.9561,2.91
2025-12-16,2.25,2.23,2.21,3.64,3.48,3.69,4.15,4.82,16.48,3.64,3.69,,119.8902,2.98
2025-12-17,2.26,2.24,2.22,3.64,3.49,3.7,4.16,4.83,17.62,3.64,3.69,,120.155,2.99
2025-12-18,2.26,2.24,2.22,3.62,3.46,3.66,4.12,4.8,16.87,3.64,3.66,,120.0528,2.95
2025-12-19,2.27,2.24,2.21,3.62,3.48,3.7,4.16,4.82,14.91,3.64,3.66,,120.1652,2.9
2025-12-22,2.25,2.23,2.21,3.64,3.44,3.71,4.17,4.84,14.08,3.64,3.68,,119.9912,2.88
2025-12-23,2.24,2.24,2.24,3.65,3.48,3.72,4.18,4.83,14.0,3.64,3.66,,119.7057,2.83
2025-12-24,2.24,2.24,2.24,3.69,3.47,3.7,4.15,4.79,13.47,3.64,3.66,,119.4372,2.84
2025-12-25,2.24,2.24,2.24,3.69,3.47,3.7,4.15,4.79,13.47,3.64,3.66,,119.4372,2.84
2025-12-26,2.22,2.23,2.24,3.64,3.46,3.68,4.14,4.81,13.6,3.64,3.76,,119.4723,2.86
2025-12-29,2.23,2.22,2.21,3.68,3.45,3.67,4.12,4.8,14.2,3.64,3.77,,119.5899,2.87
2025-12-30,2.25,2.24,2.23,3.65,3.45,3.68,4.14,4.81,14.33,3.64,3.71,,119.4939,2.84
2025-12-31,2.26,2.25,2.24,3.67,3.47,3.73,4.18,4.84,14.95,3.64,3.87,,119.7456,2.81
2026-01-01,2.26,2.25,2.24,3.67,3.47,3.73,4.18,4.84,14.95,3.64,3.87,,119.7456,2.81
2026-01-02,2.28,2.25,2.22,3.65,3.47,3.74,4.19,4.86,14.51,3.64,3.75,,119.6059,2.83
2026-01-05,2.29,2.26,2.23,3.64,3.46,3.71,4.17,4.85,14.9,3.64,3.7,,119.6192,2.81
2026-01-06,2.3,2.27,2.24,3.63,3.47,3.72,4.18,4.86,14.75,3.64,3.66,,119.7807,2.79
2026-01-07,2.3,2.27,2.24,3.62,3.47,3.7,4.15,4.82,15.38,3.64,3.65,,119.8719,2.79
2026-01-08,2.31,2.27,2.23,3.62,3.49,3.74,4.19,4.85,15.45,3.64,3.64,,120.0904,2.76
2026-01-09,2.32,2.28,2.24,3.62,3.54,3.75,4.18,4.82,14.49,3.64,3.64,,120.2215,2.74
2026-01-12,2.36,2.29,2.22,3.67,3.54,3.77,4.19,4.83,15.12,3.64,3.64,,119.9958,2.74
2026-01-13,2.37,2.3,2.23,3.67,3.53,3.75,4.18,4.83,15.98,3.64,3.65,,120.1401,2.75
2026-01-14,2.36,2.29,2.22,3.67,3.51,3.72,4.15,4.79,16.75,3.64,3.64,,119.9537,2.76
2026-01-15,2.36,2.29,2.22,3.68,3.56,3.77,4.17,4.79,15.84,3.64,3.66,,119.9951,2.71
2026-01-16,2.39,2.33,2.27,3.67,3.59,3.82,4.24,4.83,15.86,3.64,3.65,,120.0838,2.65
2026-01-19,2.39,2.33,2.27,3.67,3.59,3.82,4.24,4.83,18.84,3.64,3.65,,120.0838,2.65
2026-01-20,2.4,2.33,2.26,3.7,3.6,3.86,4.3,4.91,20.09,3.64,3.64,,119.4455,2.73
2026-01-21,2.42,2.34,2.26,3.7,3.6,3.83,4.26,4.87,16.9,3.64,3.63,,119.3431,2.69
2026-01-22,2.42,2.31,2.2,3.71,3.61,3.85,4.26,4.84,15.64,3.64,3.64,,119.1962,2.64
2026-01-23,2.46,2.32,2.18,3.7,3.6,3.84,4.24,4.82,16.09,3.64,3.65,,118.8976,2.68
2026-01-26,2.45,2.32,2.19,3.67,3.56,3.82,4.22,4.8,16.15,3.64,3.66,,118.0525,2.69
2026-01-27,2.47,2.34,2.21,3.67,3.53,3.81,4.24,4.83,16.35,3.64,3.66,,117.4523,2.71
2026-01-28,2.5,2.36,2.22,3.68,3.56,3.83,4.26,4.85,16.35,3.64,3.64,,117.5117,2.72
2026-01-29,2.52,2.35,2.18,3.67,3.53,3.8,4.24,4.85,16.88,3.64,3.65,,117.4396,2.77
2026-01-30,2.53,2.36,2.19,3.67,3.52,3.79,4.26,4.87,17.44,3.64,3.68,,117.8996,2.8
2026-02-02,2.52,2.35,2.18,3.69,3.57,3.83,4.29,4.9,16.34,3.64,3.69,,118.3609,2.81
2026-02-03,2.53,2.36,2.19,3.69,3.57,3.83,4.28,4.9,18.0,3.64,3.69,,117.9764,2.85
2026-02-04,2.51,2.35,2.19,3.69,3.57,3.83,4.29,4.91,18.64,3.64,3.65,,118.2602,2.86
2026-02-05,2.48,2.32,2.16,3.67,3.47,3.74,4.21,4.85,21.77,3.64,3.65,,118.5034,2.97
2026-02-06,2.5,2.34,2.18,3.68,3.5,3.76,4.22,4.85,17.76,3.64,3.64,,118.2407,2.87
2026-02-09,2.5,2.35,2.2,3.69,3.48,3.75,4.22,4.85,17.36,3.64,3.63,,117.6392,2.84
2026-02-10,2.47,2.32,2.17,3.69,3.45,3.7,4.16,4.78,17.79,3.64,3.65,,117.5216,2.86
2026-02-11,2.49,2.32,2.15,3.7,3.52,3.75,4.18,4.82,17.65,3.64,3.65,,117.4601,2.84
2026-02-12,2.45,2.29,2.13,3.7,3.47,3.67,4.09,4.72,20.82,3.64,3.65,,117.5376,2.92
2026-02-13,2.42,2.27,2.12,3.68,3.4,3.61,4.04,4.69,20.6,3.64,3.66,,117.5258,2.95
2026-02-16,2.42,2.27,2.12,3.68,3.4,3.61,4.04,4.69,21.2,3.64,3.66,,117.5258,2.94
2026-02-17,2.39,2.26,2.13,3.69,3.43,3.63,4.05,4.68,20.29,3.64,3.71,,117.7375,2.94
2026-02-18,2.43,2.29,2.15,3.7,3.47,3.66,4.09,4.71,19.62,3.64,3.73,,117.8426,2.86
2026-02-19,2.43,2.29,2.15,3.69,3.47,3.65,4.08,4.7,20.23,3.64,3.67,,118.2354,2.88
2026-02-20,2.43,2.28,2.13,3.69,3.48,3.65,4.08,4.72,19.09,3.64,3.66,,117.9917,2.86
2026-02-23,2.4,2.26,2.12,3.69,3.43,3.59,4.03,4.7,21.01,3.64,3.66,,117.9395,2.95
2026-02-24,2.4,2.26,2.12,3.69,3.43,3.61,4.04,4.7,19.55,3.64,3.67,,117.9463,2.97
2026-02-25,2.42,2.28,2.14,3.69,3.45,3.61,4.05,4.7,17.93,3.64,3.67,,117.769,2.94
2026-02-26,2.43,2.28,2.13,3.68,3.42,3.57,4.02,4.67,18.63,3.64,3.67,,117.9042,2.98
2026-02-27,2.4,2.25,2.1,3.67,3.38,3.51,3.97,4.64,19.86,3.64,3.68,,117.8223,3.1
2026-03-02,2.46,2.29,2.12,3.72,3.47,3.62,4.05,4.7,21.44,3.64,3.71,,118.667,3.03
2026-03-03,2.46,2.29,2.12,3.71,3.51,3.63,4.06,4.7,23.57,3.64,3.7,,119.4341,3.08
2026-03-04,2.46,2.29,2.12,3.71,3.54,3.67,4.09,4.72,21.15,3.64,3.67,,119.0705,2.97
2026-03-05,2.51,2.31,2.11,3.7,3.57,3.72,4.13,4.74,23.75,3.64,3.66,,119.5683,3.0
2026-03-06,2.56,2.35,2.14,3.69,3.56,3.72,4.15,4.77,29.49,3.64,3.65,,119.491,3.13
2026-03-09,2.56,2.34,2.12,3.71,3.56,3.71,4.12,4.72,25.5,3.64,3.65,,119.5151,3.19
2026-03-10,2.53,2.33,2.13,3.71,3.57,3.73,4.15,4.78,24.93,3.64,3.64,,118.7255,3.06
2026-03-11,2.58,2.36,2.14,3.71,3.64,3.79,4.21,4.86,24.23,3.64,3.64,,119.2885,3.09
2026-03-12,2.63,2.38,2.13,3.72,3.76,3.88,4.27,4.88,27.29,3.64,3.65,,119.8227,3.17
2026-03-13,2.61,2.36,2.11,3.72,3.73,3.87,4.28,4.9,27.19,3.64,3.65,,120.5518,3.28
2026-03-16,2.58,2.36,2.14,3.72,3.68,3.8,4.23,4.86,23.51,3.64,3.7,,120.097,3.27
2026-03-17,2.62,2.37,2.12,3.72,3.68,3.79,4.2,4.85,22.37,3.64,3.65,,119.8328,3.22
2026-03-18,2.66,2.4,2.14,3.73,3.76,3.87,4.26,4.88,25.09,3.64,3.62,,119.9276,3.2
2026-03-19,2.61,2.37,2.13,3.73,3.79,3.88,4.25,4.83,24.06,3.64,3.62,,120.1802,3.27
2026-03-20,2.63,2.38,2.13,3.74,3.88,4.01,4.39,4.96,26.78,3.64,3.62,,120.2757,3.24
2026-03-23,2.53,2.33,2.13,3.74,3.83,3.95,4.34,4.91,26.15,3.64,3.62,,119.9371,3.19
2026-03-24,2.55,2.33,2.11,3.74,3.9,4.03,4.39,4.94,26.95,3.64,3.63,,120.1295,3.19
2026-03-25,2.51,2.31,2.11,3.73,3.84,3.96,4.33,4.89,25.33,3.64,3.64,,120.1282,3.17
2026-03-26,2.56,2.34,2.12,3.73,3.96,4.08,4.42,4.93,27.44,3.64,3.65,,120.389,3.21
2026-03-27,2.56,2.31,2.06,3.73,3.88,4.06,4.44,4.98,31.05,3.64,3.63,,120.8851,3.42
2026-03-30,2.57,2.31,2.05,3.71,3.82,3.97,4.35,4.91,30.61,3.64,3.63,,121.2851,3.46
2026-03-31,2.54,2.3,2.06,3.7,3.79,3.92,4.3,4.88,25.25,3.64,3.68,,121.035,3.28
2026-04-01,2.55,2.31,2.07,3.7,3.81,3.97,4.33,4.91,24.54,3.64,3.65,,120.1198,3.16
2026-04-02,2.57,2.34,2.11,3.7,3.79,3.94,4.31,4.88,23.87,3.64,3.66,,120.503,3.17
2026-04-03,2.61,2.36,2.11,3.71,3.84,3.99,4.35,4.91,23.87,3.64,3.66,,120.6565,3.13
2026-04-06,2.6,2.36,2.12,3.72,3.84,3.98,4.34,4.89,24.17,3.64,3.65,,120.4302,3.05
2026-04-07,2.61,2.37,2.13,3.71,3.81,3.95,4.33,4.9,25.78,3.64,3.62,,120.32,3.12
2026-04-08,2.56,2.33,2.1,3.69,3.79,3.92,4.29,4.89,21.04,3.64,3.59,,119.0596,2.94
2026-04-09,2.56,2.34,2.12,3.68,3.78,3.91,4.29,4.9,19.49,3.64,3.57,,118.8998,2.9
2026-04-10,2.58,2.36,2.14,3.69,3.81,3.94,4.31,4.91,19.23,3.64,3.61,,118.8552,2.94
2026-04-13,2.61,2.38,2.15,3.71,3.78,3.92,4.3,4.9,19.12,3.64,3.63,,118.9916,2.95
2026-04-14,2.59,2.37,2.15,3.71,3.76,3.87,4.26,4.87,18.36,3.64,3.66,,118.3581,2.84
2026-04-15,2.61,2.39,2.17,3.71,3.76,3.9,4.29,4.89,18.17,3.64,3.72,,118.3623,2.85
2026-04-16,2.6,2.39,2.18,3.7,3.78,3.91,4.32,4.93,17.94,3.64,3.67,,118.3616,2.86
2026-04-17,2.56,2.36,2.16,3.7,3.71,3.84,4.26,4.88,17.48,3.64,3.65,,118.0795,2.83
2026-04-20,2.57,2.35,2.13,3.71,3.72,3.86,4.26,4.88,18.87,3.64,3.63,,118.2374,2.87
2026-04-21,2.6,2.38,2.16,3.69,3.78,3.91,4.3,4.89,19.5,3.64,3.63,,118.4331,2.85
2026-04-22,2.61,2.38,2.15,3.69,3.79,3.91,4.3,4.9,18.92,3.64,3.64,,118.6004,2.84
2026-04-23,2.58,2.42,2.26,3.69,3.83,3.96,4.34,4.92,19.31,3.64,3.65,,118.7155,2.86
2026-04-24,2.61,2.42,2.23,3.69,3.78,3.92,4.31,4.91,18.71,3.64,3.66,,118.7294,2.86
2026-04-27,2.62,2.44,2.26,3.68,3.78,3.94,4.35,4.94,18.02,3.64,3.66,,118.5458,2.84
2026-04-28,2.63,2.44,2.25,3.68,3.84,3.97,4.36,4.94,17.83,3.64,3.64,,118.7717,2.85
2026-04-29,2.67,2.46,2.25,3.68,3.92,4.05,4.42,4.98,18.81,3.64,3.63,,119.0975,2.82
2026-04-30,2.67,2.46,2.25,3.68,3.88,4.02,4.4,4.98,16.89,3.64,3.66,,118.671,2.83
2026-05-01,2.69,2.48,2.27,3.68,3.88,4.02,4.39,4.97,16.99,3.64,3.64,,118.3926,2.77
2026-05-04,2.72,2.5,2.28,3.7,3.95,4.08,4.45,5.02,18.29,3.64,3.63,,118.8264,2.78
2026-05-05,2.67,2.47,2.27,3.69,3.93,4.08,4.43,4.98,17.38,3.64,3.62,,118.6207,2.77
2026-05-06,2.58,2.42,2.26,3.69,3.87,3.99,4.36,4.94,17.39,3.64,3.61,,118.0982,2.75
2026-05-07,2.61,2.45,2.29,3.69,3.92,4.04,4.41,4.97,17.08,3.63,3.6,,118.0116,2.79
2026-05-08,2.62,2.45,2.28,3.69,3.9,4.02,4.38,4.95,17.19,3.63,3.6,,118.0392,2.81
2026-05-11,2.67,2.47,2.27,3.7,3.95,4.07,4.42,4.98,18.38,3.63,3.6,,118.0562,2.79
2026-05-12,2.69,2.47,2.25,3.7,4.0,4.12,4.46,5.03,17.99,3.63,3.6,,118.5238,2.82
2026-05-13,2.7,2.47,2.24,3.69,3.98,4.12,4.46,5.03,17.87,3.63,3.59,,118.4737,2.82
2026-05-14,2.67,2.47,2.27,3.69,4.0,4.13,4.47,5.02,17.26,3.63,3.56,,118.6696,2.76
2026-05-15,2.7,2.49,2.28,3.69,4.09,4.26,4.59,5.12,18.43,3.63,3.55,,119.2825,2.8
2026-05-18,2.69,2.48,2.27,3.68,4.07,4.27,4.61,5.14,17.82,3.63,3.53,,119.0574,2.83
2026-05-19,2.66,2.49,2.32,3.67,4.13,4.32,4.67,5.18,18.06,3.62,3.51,,119.451,2.86
2026-05-20,2.59,2.44,2.29,3.65,4.04,4.22,4.57,5.11,17.44,3.62,3.5,,119.1624,2.8
2026-05-21,2.57,2.39,2.21,3.68,4.08,4.25,4.57,5.1,16.76,3.62,3.51,,119.369,2.78
2026-05-22,2.54,2.4,2.26,3.68,4.13,4.27,4.56,5.07,16.7,3.62,3.55,,119.2868,2.74
2026-05-25,2.54,2.4,2.26,3.68,4.13,4.27,4.56,5.07,16.59,3.62,3.55,,119.2868,2.74
2026-05-26,2.53,2.4,2.27,3.68,4.01,4.19,4.5,5.03,17.01,3.62,3.63,,119.1696,2.72
2026-05-27,2.53,2.39,2.25,3.68,4.0,4.17,4.48,5.01,16.29,3.62,3.63,,119.1829,2.71
2026-05-28,2.54,2.39,2.24,3.69,3.99,4.15,4.45,4.98,15.74,3.62,3.62,,119.0318,2.72
2026-05-29,2.52,2.38,2.24,3.69,3.98,4.13,4.45,4.99,15.32,3.62,3.63,,118.8783,2.72
2026-06-01,2.54,2.4,2.26,3.78,4.05,4.18,4.47,4.99,16.05,3.62,3.65,,119.1653,2.72
2026-06-02,2.52,2.39,2.26,3.77,4.05,4.17,4.46,4.97,15.77,3.62,3.63,,119.0359,2.71
2026-06-03,2.53,2.38,2.23,3.78,4.08,4.21,4.49,4.99,16.06,3.62,3.61,,119.3848,2.75
2026-06-04,2.48,2.36,2.24,3.78,4.05,4.18,4.47,4.97,15.4,3.62,3.62,,119.3615,2.74
2026-06-05,2.48,2.36,2.24,3.78,4.17,4.29,4.55,5.01,21.51,3.62,3.63,,120.0831,2.76
2026-06-08,2.47,2.35,2.23,3.8,4.15,4.29,4.56,5.03,18.92,3.62,3.63,,120.034,2.75
2026-06-09,2.44,2.33,2.22,3.79,4.13,4.26,4.53,5.01,19.87,3.62,3.6,,119.9617,2.78
2026-06-10,2.44,2.34,2.24,3.79,4.13,4.27,4.55,5.03,22.22,3.62,3.59,,119.9134,2.8
2026-06-11,2.4,2.29,2.18,3.78,4.05,4.18,4.45,4.95,19.44,3.62,3.6,,120.1174,2.78
2026-06-12,2.39,2.31,2.23,3.78,4.09,4.21,4.48,4.97,17.68,3.62,3.65,,119.5073,2.71
2026-06-15,2.4,2.32,2.24,3.79,4.07,4.18,4.47,4.97,16.2,3.63,3.69,,119.3158,2.66
2026-06-16,2.36,2.29,2.22,3.79,4.05,4.16,4.43,4.93,16.41,3.63,3.63,,119.256,2.71
2026-06-17,2.31,2.26,2.21,3.83,4.2,4.27,4.49,4.93,18.44,3.63,3.63,,119.3871,2.63
2026-06-18,2.27,2.25,2.23,3.83,4.19,4.23,4.46,4.9,16.4,3.63,3.62,,120.3958,2.66
2026-06-19,2.27,2.25,2.23,3.83,4.19,4.23,4.46,4.9,16.78,3.63,3.62,,120.3958,2.66
2026-06-22,2.28,2.23,2.18,3.85,4.24,4.29,4.51,4.95,17.28,3.63,3.61,,120.5463,2.65
2026-06-23,2.24,2.21,2.18,3.85,4.16,4.27,4.5,4.94,19.49,3.63,3.62,,121.0552,2.71
2026-06-24,2.19,2.18,2.17,3.85,4.11,4.17,4.41,4.86,18.63,3.63,3.62,,121.412,2.76
2026-06-25,2.23,2.21,2.19,3.84,4.09,4.15,4.4,4.86,18.89,3.63,3.64,,121.0559,2.78
2026-06-26,2.21,2.2,2.19,3.83,4.07,4.12,4.38,4.87,18.41,3.63,3.62,,120.8866,2.83
2026-06-29,2.24,2.22,2.2,3.87,4.1,4.14,4.38,4.86,17.65,3.63,3.62,,120.9525,2.8
2026-06-30,2.26,2.24,2.22,3.87,4.14,4.19,4.44,4.91,16.45,3.63,3.68,,120.9248,2.75
2026-07-01,2.26,2.23,2.2,3.85,4.17,4.24,4.48,4.97,16.59,3.63,3.66,,121.1455,2.74
2026-07-02,2.24,2.23,2.22,3.82,4.14,4.23,4.49,4.98,16.15,3.63,3.64,,120.6902,2.75
2026-07-03,2.24,2.23,2.22,3.82,4.14,4.23,4.49,4.98,15.81,3.63,3.64,,120.6902,2.74
2026-07-06,2.27,2.24,2.21,3.87,4.13,4.21,4.48,4.99,15.57,3.63,3.63,,120.835,2.72
2026-07-07,2.28,2.25,2.22,3.86,4.19,4.27,4.55,5.05,16.13,3.63,3.62,,120.8145,2.67
2026-07-08,2.31,2.25,2.19,3.87,4.21,4.31,4.56,5.06,16.9,3.62,3.58,,121.1307,2.7
2026-07-09,2.28,2.23,2.18,3.83,4.16,4.27,4.54,5.05,15.84,3.62,3.53,,120.753,2.7
2026-07-10,2.28,2.24,2.2,3.85,4.21,4.3,4.56,5.06,15.03,3.62,3.55,,120.5046,2.69
2026-07-13,2.31,2.26,2.21,3.89,4.26,4.37,4.62,5.1,17.16,3.62,3.6,,120.7413,2.69
2026-07-14,2.28,2.25,2.22,3.84,4.18,4.31,4.58,5.08,16.5,3.63,3.63,,120.4728,2.72
2026-07-15,2.25,2.23,2.21,3.83,4.13,4.26,4.55,5.08,15.67,3.63,3.64,,120.3088,2.71
2026-07-16,2.24,2.22,2.2,3.84,4.16,4.28,4.57,5.09,16.73,3.63,3.62,,120.331,2.71
2026-07-17,2.27,2.24,2.21,3.85,4.18,4.28,4.55,5.06,18.77,3.63,3.59,,120.5315,2.73
2026-07-20,2.28,2.25,2.22,3.86,4.21,4.33,4.6,5.11,18.65,3.63,3.57,,120.5401,2.69
2026-07-21,2.28,2.26,2.24,3.87,4.26,4.37,4.63,5.13,17.05,3.63,3.61,,120.5779,2.69
2026-07-22,2.3,2.28,2.26,3.89,4.31,4.41,4.67,5.15,16.64,3.63,3.62,,120.5736,2.68
2026-07-23,2.29,2.28,2.27,3.95,4.37,4.46,4.71,5.17,18.7,3.63,3.64,,120.9075,2.77
2026-07-24,2.24,2.26,2.28,3.96,4.33,4.43,4.69,5.16,18.58,3.63,3.64,,120.7105,2.79
2026-07-27,2.18,2.21,2.24,3.96,4.31,4.4,4.65,5.12,18.67,3.63,3.64,,120.7739,2.81
2026-07-28,2.16,2.2,2.24,3.9,4.26,4.35,4.61,5.09,18.21,3.63,3.65,,120.6247,2.84
2026-07-29,2.24,2.26,2.28,3.83,4.22,4.37,4.67,5.2,20.66,3.63,3.65,,120.7892,2.87
2026-07-30,2.24,2.27,2.3,3.82,4.23,4.38,4.68,5.21,17.09,3.63,3.65,,119.6753,2.84
2026-07-31,2.26,2.28,2.3,3.83,4.28,4.45,4.75,5.27,15.99,3.63,3.66,,119.7034,2.85
2026-08-03,2.23,2.27,2.31,3.91,4.25,4.4,4.7,5.23,15.86,3.63,3.65,,119.6951,2.78
2026-08-04,2.19,2.23,2.27,3.89,4.2,4.33,4.63,5.18,16.5,3.63,3.66,,119.5977,2.73
2026-08-05,2.18,2.22,2.26,3.89,4.18,4.33,4.63,5.17,15.81,3.63,3.64,,119.3881,2.75
2026-08-06,2.23,2.26,2.29,3.9,4.25,4.4,4.69,5.22,15.15,3.63,3.65,,119.5113,2.71
2026-08-07,2.22,2.25,2.28,3.87,4.19,4.35,4.65,5.19,14.9,3.63,3.62,,119.0649,2.7
2026-08-10,2.25,2.29,2.33,3.89,4.25,4.41,4.72,5.25,15.46,3.63,3.63,,119.1187,2.7
2026-08-11,2.23,2.27,2.31,3.89,4.22,4.39,4.7,5.24,15.28,3.63,3.64,,119.179,2.72
2026-08-12,2.24,2.26,2.28,3.87,4.2,4.38,4.68,5.24,14.55,3.63,3.62,,119.1179,2.71
2026-08-13,2.21,2.24,2.27,3.87,4.15,4.32,4.63,5.21,14.63,3.63,3.62,,119.1848,2.71
2026-08-14,2.24,2.27,2.3,3.86,4.17,4.36,4.68,5.25,14.25,3.63,3.62,,118.9028,2.67
2026-08-17,2.25,2.28,2.31,3.87,4.19,4.38,4.72,5.31,15.19,3.63,3.66,,118.814,2.7
2026-08-18,2.27,2.3,2.33,3.86,4.19,4.37,4.71,5.28,15.84,3.63,3.65,,118.9831,2.75
2026-08-19,2.28,2.3,2.32,3.86,4.19,4.35,4.65,5.19,14.89,3.63,3.62,,118.3328,2.73
2026-08-20,2.34,2.34,2.34,3.87,4.19,4.39,4.69,5.23,16.01,3.63,3.63,,118.2548,2.75
2026-08-21,2.34,2.34,2.34,3.88,4.24,4.43,4.74,5.27,15.13,3.63,3.65,,118.0628,2.7
2026-08-24,2.32,2.32,2.32,3.87,4.24,4.41,4.7,5.23,15.85,3.63,3.65,,118.3195,2.69
2026-08-25,2.31,2.32,2.33,3.86,4.17,4.35,4.64,5.17,15.45,3.63,3.66,,118.2283,2.7
2026-08-26,2.31,2.32,2.33,3.85,4.19,4.37,4.66,5.18,15.21,3.63,3.64,,118.4461,2.67
2026-08-27,2.31,2.33,2.35,3.84,4.2,4.38,4.67,5.19,14.51,3.63,3.64,,118.3583,2.63
2026-08-28,2.3,2.31,2.32,3.9,4.34,4.48,4.73,5.22,14.43,3.63,3.65,,118.7479,2.6
2026-08-31,2.31,2.31,2.31,3.91,4.34,4.49,4.75,5.25,14.92,3.63,3.68,,118.7479,2.63
2026-09-01,2.37,2.35,2.33,3.92,4.39,4.55,4.79,5.27,16.34,3.63,3.66,,118.7479,2.65
2026-09-02,2.35,2.34,2.33,3.92,4.39,4.54,4.79,5.27,15.2,3.63,3.65,,118.7479,2.66
2026-09-03,2.37,2.35,2.33,3.89,4.34,4.52,4.77,5.25,14.32,3.63,3.66,,118.7479,2.65
2026-09-04,2.37,2.35,2.33,3.89,4.34,4.52,4.77,5.25,14.32,3.63,3.66,,118.7479,2.65
2026-09-07,2.37,2.35,2.33,3.89,4.34,4.52,4.77,5.25,14.32,3.63,3.66,,,2.65
2026-09-08,2.37,2.35,2.33,3.89,4.34,4.52,4.77,5.25,14.32,3.63,3.66,,,2.65
